timestamp,f1,f2,f3,f4,f5,f6,f7,f8,clear,nir
1758177988,1399.8656,3127.6667,3595.5308,3538.02,11577.88,10618.319,9022.394,3133.4546,21848.35,3573.394
1758177943,1309.2162,3316.417,3779.2932,3614.3398,13099.06,10283.158,9254.067,3343.563,20816.195,2218.4104
1758175610,734.1412,1732.5352,2093.0547,1894.5836,6871.915,6032.8047,5328.104,1969.9222,13527.542,1477.153
1758179044,1112.1562,2734.0085,3236.8423,3268.8057,10706.736,8837.785,7637.9697,2759.0168,15606.11,1516.6505
1758178522,1156.0563,2838.6277,3224.939,3218.659,10598.923,8516.993,7837.9185,2767.1057,15398.311,1483.2086
1758178086,1400.4489,3128.069,3592.0603,3535.8677,11574.725,10620.116,9022.665,3128.936,21848.512,3568.7334
1758175371,941.3892,2340.5085,2806.2004,2542.3147,9321.562,7900.551,7118.8716,2574.9988,17642.332,1746.5417
1758175197,858.4584,2110.7644,2343.5918,2325.3499,8084.493,7000.2217,7078.3784,2292.0564,15585.762,1452.2195
1758177615,556.66656,925.8145,1061.6904,1219.8488,3139.995,3623.9902,3344.63,1166.9828,7237.5776,757.86084
1758179101,1114.1904,2736.1726,3237.4382,3273.4658,10714.531,8835.803,7635.3857,2757.3025,15601.837,1520.3
1758176760,615.3858,1047.0905,1206.0691,1364.724,3577.6133,4050.303,3828.019,1247.3721,8379.722,855.81445
1758178943,970.326,2238.717,2582.8975,2689.6655,8212.057,7544.109,6073.211,2285.1328,13898.328,1257.0482
1758176919,772.9814,1659.6124,1957.7136,1824.9624,6815.1045,5184.326,5708.788,1914.5447,10484.681,1059.3357
1758178444,1252.4321,2725.5447,3047.6436,3305.2346,9320.126,9064.339,7390.584,2627.4744,16916.2,1545.2771
1758175219,856.3771,2107.766,2339.8853,2325.9365,8082.977,7000.239,7086.497,2295.194,15588.481,1450.7905
1758177977,1304.9949,3314.592,3780.8987,3615.5278,13100.115,10282.487,9249.424,3340.819,20815.57,2216.3467
1758178216,1439.8978,3184.5654,3627.1975,3601.6643,11326.281,11099.132,9345.443,3116.808,23895.146,3604.428
1758176771,614.5736,1046.1018,1209.8232,1360.8499,3576.6445,4043.6914,3827.0469,1244.7654,8386.542,854.3686
1758177796,868.5621,2060.107,2291.2664,2205.2163,8110.374,6246.599,6351.331,2166.7302,12690.42,1434.4238
1758177121,1351.3123,3507.4417,4026.191,4185.2637,13363.103,10885.505,9866.0625,3417.9468,21291.484,1939.3716
1758177762,863.8936,2057.168,2296.9285,2201.964,8108.8687,6246.825,6351.1255,2172.866,12688.997,1429.7277
1758177955,1307.4998,3314.9167,3779.7742,3612.6436,13103.966,10281.753,9250.437,3341.4026,20818.91,2218.0144
1758175105,1086.9047,2562.998,2927.3633,2901.3894,9268.1455,7872.9897,7798.2485,2649.5972,15855.54,1510.0414
1758178608,1148.9655,2838.32,3219.3164,3221.42,10599.078,8516.043,7840.0615,2764.953,15392.386,1479.1995
1758176941,774.9209,1660.2821,1957.2194,1823.4846,6807.875,5182.034,5707.3857,1916.4938,10483.931,1064.8605
1758178108,1396.5386,3122.6995,3592.3926,3539.5474,11571.028,10619.071,9026.59,3132.554,21843.535,3570.5295
1758177773,870.3376,2052.8315,2291.9595,2202.6782,8109.792,6246.6543,6351.7134,2172.3433,12689.331,1437.5337
1758175446,863.5151,2148.488,2580.3633,2325.079,8575.046,7290.0356,6498.0654,2379.561,16413.963,1683.9991
1758176815,615.076,1047.6024,1212.6228,1361.0741,3581.6404,4047.6836,3827.84,1248.742,8385.926,854.12933
1758175599,733.3556,1731.5752,2088.4531,1892.5383,6869.349,6033.2153,5330.4316,1977.6301,13519.273,1475.192
1758177406,1315.179,2770.3245,3180.8828,3474.7407,9935.116,9980.914,8245.896,2987.806,19213.66,1704.7877
1758179123,1117.2769,2734.6438,3244.3513,3269.1475,10710.53,8836.847,7636.8843,2754.723,15605.1,1522.3745
1758178063,1398.7539,3125.3071,3589.7268,3538.175,11576.713,10619.974,9026.275,3131.719,21849.135,3573.613
1758176402,1548.006,3501.0322,3961.3298,4259.6807,12818.974,12775.988,10165.474,3336.918,27367.867,2275.2012
1758175040,760.60846,1849.2148,1917.964,1938.747,6861.673,5398.866,6191.626,2051.6797,11411.299,1135.9857
1758177077,1089.0284,2781.3245,3211.9253,3180.271,11044.174,8404.782,8322.604,2866.135,16509.973,1561.9552
1758178876,923.3561,1853.7339,2080.2156,2361.6824,6259.513,6844.574,5360.233,1976.8619,13463.133,1126.6322
1758178086,1398.056,3124.531,3587.4038,3543.6697,11576.387,10615.951,9025.846,3128.9788,21845.959,3578.6064
1758177255,1492.1002,3325.185,3861.0469,4226.2954,11766.827,11516.84,9276.369,3201.324,22871.27,2037.1278
1758176456,1156.6752,2472.6829,2821.3035,3016.6245,9007.325,9433.776,7524.87,2579.63,20343.486,1796.1565
1758175230,855.6181,2112.2012,2342.4734,2324.164,8090.0254,7000.683,7087.761,2296.2197,15591.601,1451.043
1758176228,1318.123,2968.3406,3305.057,3385.7817,10303.755,9161.435,8661.073,3662.6675,16866.643,1562.3986
1758177648,553.5148,928.40375,1059.126,1215.5742,3140.8733,3628.6382,3340.9116,1168.2311,7245.287,751.6238
1758179067,1113.3567,2737.313,3233.3254,3270.9656,10713.289,8836.43,7635.4927,2756.7256,15604.412,1512.1161
1758176576,1151.1871,2477.1575,2826.0295,3011.6763,9010.91,9436.18,7526.3115,2576.855,20343.16,1794.2869
1758178742,1045.0895,2550.5454,2897.7332,2899.0906,9558.449,7792.723,7173.165,2525.0464,14382.655,1370.6538
1758178249,1418.2985,3111.8796,3525.01,3524.5344,10964.936,10714.667,8988.35,3046.4268,22582.094,3186.2283
1758175982,889.3828,1874.9125,2192.7207,2163.5144,7059.095,6498.498,6344.528,2091.0244,13631.635,1316.1056
1758177450,1314.6086,2770.0188,3187.8342,3471.0745,9937.338,9983.8955,8241.008,2983.2148,19206.297,1706.7065
1758175436,867.39056,2151.1587,2578.254,2330.947,8578.75,7291.632,6495.7393,2387.0437,16412.402,1672.0289
1758177807,867.7853,2056.3787,2291.0793,2208.2986,8113.5415,6243.873,6348.784,2166.8425,12684.5,1435.4
1758176261,1320.4061,2966.4038,3309.4548,3386.3936,10306.089,9156.553,8664.845,3655.9053,16869.025,1566.6556
1758178086,1399.8898,3129.506,3589.3599,3536.961,11569.27,10619.828,9025.197,3126.5676,21843.295,3568.3826
1758178433,1257.1476,2722.6929,3049.8428,3303.983,9320.467,9066.9375,7387.0073,2625.8486,16914.836,1548.8356
1758177200,1356.0264,3503.643,4031.689,4183.67,13364.134,10882.942,9868.83,3415.8982,21290.752,1936.5648
1758177888,1303.7257,3317.8606,3779.751,3614.2827,13100.275,10276.735,9250.553,3339.57,20815.787,2219.3618
1758176771,614.51776,1047.469,1208.0549,1362.8322,3577.851,4047.1743,3831.5715,1246.9288,8383.083,851.32947
1758178489,1254.862,2720.1138,3050.2363,3306.9868,9318.726,9070.494,7380.9326,2627.981,16917.781,1548.1478
1758178675,1046.913,2555.098,2898.345,2902.5496,9559.742,7790.467,7174.6006,2526.513,14383.639,1372.0259
1758176804,617.1039,1048.163,1213.1409,1358.9679,3584.0261,4047.4211,3824.674,1248.286,8384.489,858.3095
1758177255,1485.198,3325.6316,3857.9746,4229.7334,11763.454,11512.654,9278.23,3201.4841,22860.516,2033.9608
1758175137,1086.6648,2570.2205,2919.9934,2901.8936,9269.026,7872.864,7798.8726,2646.109,15855.145,1510.9894
1758175219,851.3066,2107.822,2346.222,2325.777,8088.633,7001.3613,7089.371,2291.2412,15594.922,1452.4286
1758176272,1321.1017,2967.7917,3312.6885,3388.7097,10302.721,9160.994,8669.948,3660.3672,16865.545,1564.3573
1758179078,1111.6041,2732.549,3241.8152,3271.3958,10712.494,8840.336,7638.16,2755.4407,15604.788,1520.6617
1758175949,892.84564,1875.2809,2192.6033,2161.8374,7062.4404,6499.991,6337.1035,2094.6865,13626.377,1319.3191
1758177277,1485.8,3326.5654,3851.4678,4233.3813,11759.9,11515.676,9276.817,3203.6633,22865.684,2033.606
1758177299,1489.5421,3327.3352,3852.639,4226.923,11765.44,11513.351,9273.502,3199.6938,22871.016,2033.2526
1758178260,1414.3137,3114.547,3521.6082,3529.5542,10961.753,10726.588,8988.369,3044.0264,22579.014,3183.4158
1758175262,857.94,2109.6724,2342.6362,2325.794,8086.9067,7001.2197,7088.0825,2289.8367,15589.149,1454.8424
1758177592,660.6658,1299.7843,1400.2714,1518.4485,4384.291,4560.0303,4131.8228,1399.8331,9199.456,958.8555
1758178074,1400.8094,3127.0042,3589.7378,3538.4758,11572.276,10615.664,9029.762,3125.9292,21846.0,3575.0042
1758179055,1114.8328,2733.7874,3240.343,3269.3909,10716.553,8834.316,7636.1147,2758.3286,15607.992,1517.6577
1758177637,554.5763,926.6648,1052.959,1219.9221,3139.2542,3622.7534,3341.8037,1170.671,7243.2637,755.3221
1758177670,554.20996,926.77765,1057.8591,1218.0642,3141.9656,3622.0933,3339.4912,1168.1376,7240.454,755.11096
1758176771,612.54034,1048.5718,1209.7327,1357.5634,3577.5564,4049.4019,3825.3867,1244.4615,8385.154,856.61816
1758177288,1486.2639,3325.5227,3856.811,4229.981,11761.814,11515.172,9279.254,3203.9116,22867.037,2033.6353
1758178455,1254.7126,2722.9934,3052.4653,3306.7668,9315.184,9067.225,7385.432,2633.8403,16920.445,1550.3339
1758176908,778.3116,1659.0514,1957.4741,1823.1279,6813.1367,5177.9478,5712.0093,1919.2861,10484.938,1065.8407
1758175381,939.9005,2341.7966,2808.5344,2539.7795,9316.473,7909.3115,7117.657,2576.1287,17640.438,1751.9564
1758175295,853.28546,2112.1677,2341.732,2321.9148,8083.607,7001.1387,7089.6377,2297.7266,15588.591,1458.682
1758175524,866.8883,2149.2744,2577.0444,2326.4773,8576.809,7295.597,6495.9014,2386.9497,16419.549,1685.8794
1758178954,965.1688,2233.008,2579.802,2687.3394,8215.837,7543.524,6080.736,2281.7004,13894.561,1259.0088
1758174950,764.772,1847.5917,1916.6895,1935.0669,6866.414,5397.9805,6190.1006,2049.9502,11407.213,1131.8127
1758177988,1398.1589,3128.6777,3588.603,3539.2405,11579.325,10619.985,9029.709,3128.067,21848.979,3573.67
1758176294,1321.3694,2967.3215,3315.0833,3386.584,10300.234,9157.409,8664.732,3655.7917,16867.898,1563.0687
1758176952,773.11053,1658.2241,1954.572,1825.8943,6809.008,5180.521,5711.2466,1912.7778,10483.205,1066.439
1758176380,1554.7372,3499.003,3958.9417,4261.5327,12823.203,12773.782,10168.45,3331.7185,27372.176,2281.3237
1758177921,1299.9116,3315.4585,3779.2202,3612.5884,13099.983,10279.626,9245.736,3343.619,20813.242,2218.7373
1758177154,1348.8672,3501.787,4024.2004,4184.7305,13365.169,10883.662,9866.267,3418.6196,21291.246,1944.7056
1758178921,961.52454,2231.6345,2583.9907,2693.9478,8210.022,7539.5366,6077.2803,2283.1777,13898.736,1259.6337
1758177659,554.65173,926.0518,1049.0071,1218.2388,3143.417,3627.564,3342.546,1169.5167,7246.7935,753.1415
1758178238,1437.9972,3180.5317,3625.3008,3605.0483,11332.599,11100.646,9339.028,3117.8264,23891.145,3603.9316
1758176587,990.0262,2070.7725,2331.8225,2480.427,7394.849,7829.3765,6415.834,2199.416,16796.172,1564.3021
1758176974,1088.6265,2779.4421,3212.1807,3175.9778,11048.52,8399.423,8325.294,2870.2527,16502.719,1565.1738
1758175219,861.29004,2108.2527,2341.1987,2327.2065,8087.343,6996.6235,7083.8525,2289.9219,15590.939,1456.5768
1758176620,985.39185,2068.386,2334.6853,2480.2578,7398.216,7836.7686,6414.046,2197.0837,16798.674,1566.8595
1758178183,1438.8185,3184.8557,3623.671,3602.9546,11337.147,11104.242,9343.737,3118.21,23895.924,3602.05
1758178063,1393.896,3126.776,3585.7236,3536.5635,11578.658,10615.823,9025.058,3132.2317,21849.562,3574.999
1758175262,855.4711,2111.2883,2345.9768,2325.5994,8084.313,6999.851,7084.1562,2294.2822,15591.01,1455.2952
1758177818,866.11444,2054.3254,2296.219,2204.8489,8114.538,6245.3677,6350.949,2169.3904,12687.193,1429.3036
1758179134,1117.2097,2735.1982,3240.0276,3271.5615,10708.679,8839.817,7634.716,2753.641,15605.278,1517.2462
1758175197,855.48206,2114.3723,2342.2136,2323.1677,8080.685,6999.9946,7082.5684,2294.922,15590.195,1454.782
1758179067,1109.544,2736.953,3239.9565,3269.5442,10714.527,8835.038,7632.417,2758.7527,15604.173,1521.5598
1758178074,1400.3246,3129.6765,3588.2258,3539.216,11569.558,10622.304,9023.23,3129.8325,21849.998,3577.9614
1758179089,1112.957,2735.4011,3241.747,3274.3474,10711.227,8832.249,7632.063,2759.9958,15607.613,1517.2933
1758178932,970.864,2234.9248,2581.5881,2686.9036,8209.348,7533.1665,6076.3765,2284.4297,13897.221,1258.4565
1758178798,924.08954,1855.2817,2084.0103,2362.6643,6267.2075,6842.7065,5356.9634,1967.9481,13462.413,1127.4347
1758176078,1310.5332,3184.9846,3550.1414,3581.5154,12202.433,10465.224,10263.984,3390.8523,21649.684,1923.0204
1758178909,962.7057,2236.3892,2584.108,2684.561,8215.294,7535.975,6076.769,2284.0698,13897.984,1261.3583
1758177966,1309.8615,3318.9248,3780.3596,3610.7317,13098.461,10280.235,9246.146,3341.4395,20821.592,2224.2363
1758175273,855.81036,2109.1016,2342.1514,2323.6812,8083.003,6997.885,7076.1934,2298.1006,15587.739,1452.9172
1758176848,774.0538,1657.4464,1955.4021,1825.396,6813.501,5180.6357,5712.5195,1915.1223,10489.974,1065.1064
1758178631,1041.7001,2551.908,2895.862,2900.7612,9558.708,7793.0386,7169.756,2523.3174,14382.25,1365.5161
1758178238,1437.2611,3186.5195,3624.7024,3604.772,11332.023,11092.219,9341.606,3118.3416,23902.01,3609.5876
1758178183,1438.2869,3189.7822,3621.177,3601.2563,11330.67,11100.945,9342.057,3122.8005,23893.057,3601.233
1758176974,1089.9618,2782.3064,3213.2927,3181.3323,11047.352,8402.909,8329.147,2868.671,16511.975,1567.2919
1758176908,775.70776,1657.668,1957.7008,1821.6553,6812.796,5179.6753,5713.707,1919.2963,10482.488,1065.1926
1758176315,1320.5383,2972.4192,3308.3696,3387.15,10302.446,9159.887,8658.707,3662.1282,16865.088,1558.6993
1758176434,1552.7501,3503.1616,3960.386,4261.816,12825.438,12775.313,10164.71,3333.3867,27373.158,2275.4104
1758178205,1431.9584,3186.6238,3627.3125,3604.1538,11337.057,11098.582,9341.92,3120.5986,23895.914,3606.1382
1758176239,1319.2717,2968.7605,3309.403,3387.229,10298.597,9160.548,8663.5625,3660.504,16863.998,1570.6445
1758176930,774.10205,1662.9227,1957.7502,1824.1116,6811.763,5179.0,5706.416,1918.4719,10481.802,1059.6565
1758175567,734.97833,1732.7178,2091.0403,1893.9436,6870.268,6033.784,5322.677,1974.3346,13521.847,1478.2795
1758175392,940.8043,2344.9434,2808.4407,2543.6565,9312.12,7902.534,7118.355,2582.9307,17638.877,1747.4468
1758177299,1484.6693,3329.019,3856.325,4227.6885,11768.271,11513.325,9273.671,3202.4377,22870.012,2032.0469
1758177077,1092.8733,2778.5757,3213.8416,3178.3674,11044.0205,8402.456,8324.0,2863.959,16504.691,1561.5482
1758176391,1544.3064,3499.1006,3962.2666,4259.889,12820.868,12768.834,10164.957,3328.7354,27368.418,2278.1868
1758177439,1314.1177,2766.265,3181.8357,3476.1453,9934.971,9975.984,8244.989,2982.5964,19208.709,1705.5696
1758177648,549.8528,928.2609,1058.3092,1219.3744,3145.8438,3623.7292,3339.8533,1168.174,7240.8784,754.93884
1758177604,557.39215,926.3493,1056.4829,1218.2745,3146.1553,3624.0647,3342.756,1166.7057,7239.9297,756.2032
1758176760,619.2294,1047.4681,1205.0643,1360.7317,3583.3374,4052.758,3827.0564,1251.2505,8388.105,859.0098
1758175040,758.95764,1850.2739,1917.7927,1936.6472,6866.5957,5400.055,6189.7393,2049.8516,11410.741,1134.0175
1758175197,852.7451,2107.8,2343.5374,2325.201,8082.1016,6995.689,7086.129,2290.5608,15592.031,1445.0024
1758175219,856.4669,2115.1968,2341.6714,2324.8257,8086.7524,6996.6743,7087.4854,2294.0872,15593.1,1452.5265
1758175589,730.3892,1733.9784,2083.2314,1895.1229,6870.3193,6031.123,5327.7417,1979.0574,13522.3125,1478.3427
1758177807,863.97375,2056.7642,2297.9097,2204.7083,8111.7593,6239.063,6354.1904,2170.538,12691.602,1428.8553
1758178074,1393.5465,3125.7595,3592.1638,3540.3044,11577.147,10618.744,9030.9375,3130.7625,21848.91,3571.6067
1758177637,552.20105,930.5803,1052.8939,1219.6987,3139.9841,3622.2117,3342.658,1164.8267,7243.717,748.71173
1758179067,1117.7253,2734.1619,3241.2043,3272.1873,10707.129,8838.312,7632.8325,2756.145,15603.785,1514.4805
1758175094,1086.6906,2563.4937,2924.9922,2901.2317,9265.583,7873.1978,7798.549,2646.574,15857.327,1513.0227
1758178966,967.6745,2234.8088,2583.0544,2686.8582,8212.82,7537.3086,6078.765,2283.6199,13898.937,1264.1747
1758176815,615.03143,1048.8018,1207.7382,1366.2374,3578.4695,4047.0078,3824.0884,1246.7196,8377.261,856.2288
1758176100,1314.4744,3183.4934,3547.8884,3580.1636,12200.733,10465.627,10259.449,3396.58,21647.594,1917.8105
1758177233,1490.2944,3328.2397,3850.5232,4232.5664,11761.195,11516.406,9273.618,3198.0942,22866.748,2032.4576
1758176848,773.7586,1660.2594,1959.0525,1823.0255,6806.107,5181.2275,5712.5005,1921.7379,10482.808,1062.9813
1758176919,773.01245,1661.8315,1957.1492,1824.5586,6805.622,5182.217,5707.31,1922.4553,10483.006,1063.0713
1758176598,991.7269,2067.5408,2336.3723,2481.3035,7394.9087,7826.5386,6414.7656,2202.5305,16801.398,1559.2772
1758178809,926.61505,1853.3319,2084.3936,2359.533,6266.1514,6841.247,5357.5093,1972.5398,13461.663,1130.834
1758176963,1093.076,2783.6555,3208.628,3176.726,11045.587,8400.112,8318.759,2864.5352,16505.342,1556.7377
1758175457,862.8011,2147.5496,2579.5566,2324.6433,8570.667,7292.113,6503.946,2383.3687,16418.055,1675.2435
1758178422,1255.4753,2723.481,3045.8577,3310.4033,9320.794,9063.476,7385.4067,2632.9219,16922.008,1548.4647
1758179101,1112.9877,2734.939,3237.7063,3269.5115,10715.202,8837.044,7633.5386,2757.6423,15602.416,1514.7368
1758178742,1046.7136,2552.425,2900.4324,2900.958,9558.142,7795.926,7173.244,2526.5806,14387.638,1370.5411
1758178063,1396.5304,3126.1494,3590.784,3539.1147,11579.185,10621.042,9024.725,3133.8337,21852.697,3572.6262
1758176089,1311.0618,3181.939,3552.2798,3582.798,12199.993,10469.509,10267.173,3393.6536,21641.602,1926.8518
1758177351,1312.2849,2768.6116,3179.1533,3475.229,9931.756,9980.9375,8248.132,2981.0642,19208.99,1705.3224
1758177751,866.95514,2057.364,2293.8643,2202.9553,8111.6045,6241.738,6353.73,2165.5737,12686.192,1433.8767
1758176985,1089.247,2778.4932,3213.5059,3179.895,11043.454,8399.069,8324.981,2869.9023,16503.598,1564.1505
1758175137,1087.7046,2563.71,2929.0288,2901.817,9268.558,7873.3833,7795.2324,2644.1055,15855.832,1505.627
1758175403,938.2975,2338.8657,2806.7505,2544.587,9311.275,7911.913,7118.918,2582.1626,17636.88,1749.1227
1758175251,856.35114,2110.2,2342.0916,2324.748,8087.0103,6997.471,7086.899,2294.2505,15594.042,1453.2272
1758177439,1318.1338,2768.5479,3186.5425,3470.2205,9935.8545,9978.689,8246.66,2982.5776,19211.229,1707.2864
1758175273,855.2149,2107.5186,2345.933,2325.2231,8089.3306,6994.6675,7085.0347,2291.1743,15597.616,1445.7727
1758177277,1484.9635,3330.7754,3857.1787,4224.867,11763.088,11520.364,9279.431,3197.8154,22868.56,2035.1844
1758178932,970.1701,2235.553,2576.1123,2685.333,8216.121,7540.497,6075.2173,2280.587,13904.884,1262.439
1758176089,1308.3043,3187.4626,3548.747,3580.2412,12203.276,10473.499,10263.423,3391.6277,21646.639,1917.8534
1758178742,1048.6484,2554.2073,2899.7217,2900.7817,9557.177,7795.1216,7172.629,2525.031,14384.557,1368.0894
1758175960,894.1519,1875.2313,2189.2412,2167.8987,7059.4976,6500.96,6336.83,2093.6504,13628.656,1320.7146
1758176543,1152.3096,2477.0393,2821.2444,3009.8137,9010.665,9432.127,7522.319,2580.7456,20342.053,1795.7949
1758177637,555.7445,925.24426,1053.2487,1215.6641,3142.7932,3627.6816,3342.0547,1169.2704,7240.788,752.3914
1758178052,1398.9119,3128.6062,3583.5652,3539.2764,11576.315,10621.232,9028.353,3124.8816,21851.383,3573.4697
1758178943,968.7446,2233.0984,2582.728,2688.2385,8215.082,7538.516,6078.9556,2279.816,13899.0625,1259.1901
1758175949,884.47156,1875.3866,2190.9233,2163.6929,7057.0317,6500.0146,6338.508,2097.4346,13628.251,1325.4968
1758177899,1300.3629,3319.0457,3781.622,3614.374,13098.785,10279.454,9250.879,3343.0046,20817.807,2216.2546
1758177266,1486.8346,3324.0696,3855.5005,4229.771,11765.334,11509.962,9271.84,3200.3794,22862.625,2028.2291
1758179067,1114.4453,2734.3704,3239.2969,3271.8452,10714.292,8834.716,7635.328,2762.7805,15605.374,1516.0682
1758176283,1322.9661,2967.14,3311.0652,3384.0154,10297.795,9157.245,8666.765,3660.3975,16865.64,1559.224
1758174993,763.9963,1848.2479,1918.0066,1934.0887,6860.84,5401.1353,6190.7993,2048.5718,11408.396,1126.1758
1758178753,922.7151,1855.7983,2083.4182,2364.8372,6262.463,6838.2856,5357.494,1970.8127,13466.405,1125.7911
1758178205,1438.5438,3181.8564,3627.3853,3605.88,11332.558,11097.495,9341.391,3115.4126,23893.043,3609.346
1758178653,1051.5641,2554.5896,2902.2537,2899.9875,9558.76,7794.204,7169.4644,2525.7249,14381.977,1367.5426
1758176760,617.3533,1049.6733,1205.4944,1359.5991,3580.218,4044.8784,3826.8423,1248.8572,8387.589,852.3557
1758177132,1351.1381,3500.1973,4026.1284,4180.166,13360.211,10878.546,9872.464,3416.646,21289.201,1935.1642
1758175414,940.8215,2342.0762,2809.7087,2541.113,9314.463,7904.591,7119.3193,2578.7434,17645.82,1747.602
1758174950,761.43317,1847.4546,1918.0029,1936.5507,6858.503,5400.804,6188.0312,2052.3208,11406.329,1127.8077
1758176402,1551.2579,3498.4233,3962.4546,4261.227,12821.86,12779.131,10167.203,3330.347,27369.885,2271.195
1758176305,1324.4884,2967.104,3312.598,3385.808,10298.327,9157.327,8663.063,3661.8555,16866.605,1561.0083
1758177977,1306.7709,3318.856,3778.6882,3614.6501,13097.873,10282.133,9249.463,3346.7053,20817.506,2216.4043
1758178444,1255.117,2724.6,3049.4326,3303.3384,9319.616,9065.956,7387.7446,2631.9175,16923.328,1546.9928
1758175040,766.2728,1847.7347,1915.3738,1938.3026,6868.676,5400.856,6190.7495,2048.9407,11411.2,1126.01
1758178798,923.95605,1857.5361,2079.1047,2363.255,6258.2046,6842.1973,5358.766,1967.8802,13461.048,1127.2031
1758178909,967.22626,2235.6719,2578.6438,2687.664,8217.542,7540.0356,6078.035,2281.216,13899.317,1256.4299
1758178619,1147.371,2838.9868,3218.2117,3219.897,10604.456,8515.895,7839.925,2763.9636,15392.677,1476.1656
1758175928,540.1475,921.86914,1107.3903,1044.023,3167.135,3424.131,3304.8064,1100.383,7263.4453,843.7734
1758176133,1312.4805,3186.4128,3549.3076,3578.2788,12200.937,10467.029,10264.743,3394.228,21648.266,1926.4037
1758176952,772.6359,1653.2384,1958.4391,1827.1555,6809.28,5180.9443,5706.4766,1915.2189,10483.574,1064.429
1758178586,1152.0646,2837.383,3225.9966,3216.535,10600.439,8521.744,7834.4834,2762.6475,15393.53,1481.1062
1758175208,855.21313,2112.1477,2346.1614,2325.1873,8091.663,6998.5635,7085.0083,2290.6772,15593.592,1447.6849
1758175284,857.8327,2111.866,2344.5234,2323.057,8085.004,6998.2617,7084.763,2298.2454,15589.298,1457.1051
1758176294,1319.4816,2964.6309,3313.618,3386.5857,10301.63,9157.066,8656.799,3658.6313,16865.576,1565.5065
1758175589,732.23517,1728.7858,2089.6995,1889.374,6863.149,6038.517,5328.9277,1976.154,13519.633,1481.4763
1758177077,1088.1892,2781.9321,3211.8289,3176.0598,11040.83,8400.39,8323.608,2872.256,16509.812,1559.8055
1758178119,1434.0808,3182.049,3621.4932,3605.737,11327.162,11102.274,9340.387,3117.4653,23891.45,3603.208
1758177088,1090.5172,2779.601,3214.375,3177.2424,11043.578,8399.095,8319.029,2864.5054,16507.701,1564.8691
1758176826,618.8382,1047.4025,1206.3335,1362.9548,3575.5369,4048.4163,3825.6125,1244.0371,8374.936,856.8122
1758178898,968.3941,2232.0857,2574.7554,2687.4534,8212.26,7538.792,6078.2065,2276.4329,13900.419,1254.4026
1758176111,1310.3309,3188.1187,3551.221,3577.967,12203.849,10466.348,10264.769,3397.9082,21647.332,1920.2389
1758175040,761.9989,1851.534,1918.0051,1934.2738,6862.211,5394.5566,6186.1987,2051.456,11407.63,1128.6372
1758176261,1322.1086,2972.378,3312.555,3384.6821,10298.755,9159.431,8666.277,3657.142,16862.758,1562.5068
1758175414,943.1859,2339.6453,2806.955,2540.349,9314.91,7906.3945,7123.663,2574.7102,17643.555,1749.3572
1758174928,766.68475,1847.827,1916.1388,1933.5786,6859.7144,5398.4316,6188.304,2050.8677,11410.363,1126.9933
1758175535,867.97156,2148.3271,2580.2056,2329.2297,8576.591,7290.9053,6501.079,2388.5642,16418.156,1679.4292
1758178954,974.17267,2234.9097,2584.2605,2690.1335,8208.42,7537.8613,6078.412,2279.7263,13896.215,1258.6172
1758179033,1114.4401,2732.917,3238.7683,3275.1467,10713.019,8836.229,7632.981,2758.6494,15601.394,1521.0323
1758177910,1303.698,3312.84,3773.754,3615.7808,13100.507,10279.333,9252.683,3342.4597,20819.816,2216.5945
1758176423,1552.4497,3498.3948,3966.1387,4257.8716,12820.1455,12776.747,10164.377,3331.1038,27377.13,2278.7415
1758178489,1255.4757,2723.0476,3045.094,3303.9302,9326.912,9066.74,7390.207,2633.2349,16916.928,1548.6401
1758177840,868.17316,2055.4602,2299.0547,2204.197,8113.727,6237.9897,6349.874,2165.771,12686.987,1431.2456
1758177351,1316.7126,2764.9092,3179.6394,3474.5762,9937.067,9984.005,8246.297,2979.415,19208.477,1705.0566
1758176996,1092.5126,2781.9995,3211.7717,3179.5322,11047.785,8399.564,8325.026,2867.1707,16510.13,1564.4376
1758178932,965.43555,2235.4607,2584.4526,2688.2454,8210.498,7537.102,6081.0396,2285.8713,13899.156,1257.2568
1758175360,937.0908,2345.0088,2801.1167,2544.5063,9315.94,7904.1045,7115.755,2584.931,17647.924,1745.3256
1758178216,1440.2194,3181.9956,3625.3503,3603.518,11326.561,11102.026,9340.534,3119.4407,23899.342,3603.6604
1758177110,1351.4304,3503.0251,4022.6343,4179.3667,13362.91,10881.549,9866.359,3422.33,21289.936,1938.0198
1758177910,1304.197,3314.852,3781.0266,3611.4658,13104.64,10287.066,9253.731,3343.2522,20815.252,2215.7427
1758177200,1355.4313,3502.074,4029.9,4183.062,13358.319,10881.967,9865.299,3420.087,21281.674,1936.5931
1758176576,1154.555,2479.8186,2820.1501,3008.2322,9005.113,9435.137,7520.425,2576.9622,20344.549,1800.0828
1758175295,857.64056,2112.361,2342.8198,2322.9346,8092.3145,6995.2036,7086.547,2290.5022,15588.367,1451.337
1758176250,1323.6614,2969.2617,3309.4773,3386.2192,10299.484,9159.995,8663.911,3657.1074,16860.396,1561.9961
1758178977,965.81793,2238.4226,2579.2078,2685.822,8213.488,7540.5625,6077.7305,2282.681,13904.629,1262.571
1758175381,937.82104,2339.0627,2806.2234,2544.805,9311.884,7906.3423,7117.938,2580.773,17642.576,1746.8622
1758175137,1083.4602,2566.2827,2917.8171,2898.7747,9267.639,7874.4014,7799.8203,2644.2312,15864.335,1505.2173
1758177255,1484.218,3327.9033,3857.09,4228.263,11761.154,11514.686,9272.031,3203.9504,22860.697,2036.7854
1758176294,1322.275,2967.0303,3310.3965,3385.312,10301.297,9161.3955,8659.073,3658.7615,16866.85,1564.6237
1758177796,865.9537,2054.6877,2291.4978,2203.2644,8109.646,6245.329,6353.9126,2171.0938,12689.297,1431.5264
1758178742,1046.3676,2552.7678,2897.3447,2904.1116,9556.6045,7795.8345,7174.8916,2524.0886,14385.652,1369.4321
1758177773,870.4861,2058.132,2290.1567,2202.873,8108.218,6240.4175,6344.528,2172.3706,12686.424,1432.0486
1758178954,970.7114,2236.2334,2579.8306,2685.0923,8212.436,7538.185,6068.6865,2281.9553,13904.744,1260.4447
1758176771,614.73566,1046.0737,1205.5758,1359.9478,3576.807,4043.9758,3828.151,1252.6895,8380.151,853.6875
1758178097,1401.7721,3126.1284,3594.1108,3539.9604,11576.718,10614.876,9030.704,3130.3557,21848.152,3576.6016
1758177910,1298.9326,3316.0037,3778.6147,3612.5203,13097.432,10281.829,9253.876,3346.6177,20816.96,2215.592
1758178444,1259.6447,2719.8928,3045.7144,3303.5193,9325.362,9062.897,7385.297,2627.2632,16922.24,1547.3649
1758176402,1552.4713,3501.42,3963.5054,4263.267,12821.807,12771.366,10164.994,3330.6663,27371.902,2279.5466
1758177592,660.7625,1300.2766,1401.4996,1518.2821,4382.9644,4568.1353,4124.619,1398.4583,9203.688,959.48816
1758177222,1490.1688,3323.5835,3857.5579,4227.295,11760.464,11514.066,9272.95,3202.634,22863.275,2032.1846
1758177692,561.5962,927.8003,1057.9817,1216.9758,3133.6396,3626.4622,3342.4949,1167.2395,7238.566,756.4135
1758175535,869.41455,2150.9631,2580.1785,2325.2368,8580.27,7291.1875,6499.0425,2390.2092,16419.643,1678.8022
1758178119,1437.7548,3185.4756,3620.8445,3604.2263,11333.133,11096.826,9338.887,3115.5667,23896.02,3604.7551
1758175960,890.79816,1870.82,2193.2927,2165.6467,7062.1177,6500.716,6338.4023,2097.9548,13630.509,1326.4319
1758179067,1112.2833,2733.4146,3239.2407,3267.2603,10708.275,8840.037,7635.9873,2755.118,15602.84,1523.4562
1758178642,1049.9539,2555.4958,2898.1255,2900.623,9562.204,7788.718,7166.57,2521.6968,14377.688,1374.2106
1758176897,772.6351,1659.198,1957.9347,1828.1583,6809.872,5181.9688,5708.197,1913.6818,10483.601,1068.5121
1758176760,614.46216,1048.9946,1205.0393,1360.0228,3577.1577,4049.048,3829.683,1247.578,8380.472,850.9728
1758174939,767.70703,1848.3594,1921.9391,1939.4974,6862.022,5394.255,6194.073,2049.1267,11406.498,1127.0898
1758176133,1311.972,3183.2527,3551.5425,3575.6602,12196.9795,10472.792,10257.542,3393.5857,21642.148,1921.316
1758176046,878.6902,1875.9564,2192.0542,2162.3157,7060.406,6501.7056,6333.5107,2094.4668,13626.712,1319.5527
1758176941,773.5953,1657.7872,1958.7623,1821.3615,6808.745,5180.5933,5707.342,1916.2621,10483.908,1061.4152
1758175262,857.1833,2111.8257,2341.685,2328.4028,8088.4473,7004.0356,7088.7837,2293.521,15593.592,1449.9902
1758178249,1416.4109,3111.3389,3525.1956,3527.4683,10967.54,10719.495,8991.828,3046.145,22579.0,3178.5557
1758178586,1147.836,2834.9946,3223.4758,3221.881,10598.094,8520.486,7839.666,2762.178,15395.57,1479.6191
1758176445,1552.6846,3500.508,3963.2336,4260.975,12826.512,12775.859,10164.139,3334.1235,27371.637,2275.2852
1758175414,945.3041,2341.7808,2807.4478,2544.8066,9313.66,7901.2397,7117.2124,2581.618,17643.838,1747.44
1758178216,1437.2827,3183.7612,3624.5696,3606.9548,11329.278,11098.993,9342.959,3120.8223,23895.074,3607.4014
1758176294,1324.6476,2965.8088,3305.0408,3385.0093,10298.946,9160.958,8661.27,3661.851,16870.98,1562.962
1758177395,1313.899,2765.6267,3180.1475,3471.3647,9935.4375,9973.804,8244.058,2984.9001,19207.084,1710.9945
1758175251,854.7537,2106.5835,2335.8372,2325.136,8087.353,6999.4277,7086.928,2293.1562,15594.34,1453.8483
1758175960,885.6618,1871.3955,2192.1782,2164.6677,7068.586,6498.8984,6339.165,2090.967,13627.342,1324.0643
1758177943,1304.8331,3317.8503,3780.1633,3612.914,13104.53,10283.283,9247.0,3345.3953,20813.182,2215.4724
1758176952,772.60944,1655.7604,1959.0046,1822.9116,6810.318,5182.0396,5712.009,1913.729,10483.541,1061.3945
1758178272,1411.9584,3115.2717,3521.6917,3529.445,10959.959,10714.965,8990.318,3046.285,22582.336,3180.5732
1758176057,888.0658,1872.7433,2192.147,2166.7754,7060.8413,6503.061,6339.7095,2095.5088,13631.011,1326.9662
1758178820,922.0522,1853.2043,2088.5698,2359.7263,6263.9663,6846.211,5357.9023,1970.3026,13464.984,1128.65
1758178898,974.0106,2232.4143,2581.47,2688.6672,8209.232,7533.928,6081.6562,2283.9944,13901.709,1260.3341
1758175599,736.2777,1726.2168,2086.1868,1890.6987,6871.802,6032.7886,5320.7266,1978.1205,13525.487,1478.952
1758178876,922.70984,1856.0598,2081.084,2361.7793,6262.054,6840.2026,5362.7837,1967.2163,13464.523,1123.3181
1758175105,1087.5211,2567.5579,2924.926,2898.2454,9265.082,7875.2236,7799.0596,2645.7192,15852.528,1508.5012
1758178455,1247.6035,2721.759,3049.303,3303.313,9321.577,9067.401,7387.915,2630.4219,16919.74,1547.4562
1758176315,1324.7238,2964.5532,3312.9854,3387.589,10300.04,9160.452,8662.891,3659.511,16869.723,1560.832
1758175939,889.538,1869.8617,2193.2498,2163.7979,7059.4834,6503.0815,6338.42,2093.6257,13630.166,1320.9525
1758177277,1492.6211,3325.741,3863.0916,4229.365,11760.183,11517.534,9276.62,3200.0825,22868.309,2039.2173
1758177055,1093.9232,2777.4988,3214.1765,3174.96,11045.228,8399.521,8317.882,2870.1692,16505.656,1561.3295
1758178500,1153.6652,2837.923,3221.736,3219.8647,10599.959,8511.879,7839.103,2768.9827,15393.131,1481.151
1758176543,1156.0001,2472.4553,2821.4204,3012.5164,9013.033,9435.078,7524.1484,2577.166,20341.553,1795.7908
1758178932,965.41394,2237.5415,2579.381,2688.0798,8215.259,7539.28,6075.0977,2280.4387,13900.86,1255.4972
1758177211,1354.8309,3503.7822,4026.459,4185.523,13360.938,10881.679,9874.072,3417.9177,21288.848,1940.0016
1758175578,734.164,1728.8756,2085.6235,1891.6908,6866.1714,6038.5244,5325.069,1979.0122,13518.087,1487.9266
1758176272,1321.2136,2966.3442,3312.6372,3388.9375,10298.388,9160.16,8667.514,3657.172,16868.281,1561.5171
1758177966,1306.6044,3315.1003,3775.9294,3615.0315,13098.663,10282.379,9247.618,3343.6758,20818.668,2217.1526
1758179101,1111.4028,2730.6555,3243.3948,3268.3464,10714.038,8837.197,7632.29,2753.59,15606.404,1517.6912
1758178742,1047.9836,2558.367,2896.0593,2900.011,9557.222,7792.8384,7173.8027,2521.2961,14385.578,1370.3146
1758178205,1435.1666,3182.9922,3624.4697,3605.4324,11333.528,11099.402,9342.627,3119.2947,23896.254,3608.2278
1758176620,990.83203,2064.569,2340.0667,2478.8186,7395.639,7830.249,6411.1206,2200.6567,16803.127,1559.2489
1758177692,557.487,930.0423,1051.9905,1216.9221,3139.384,3626.2854,3343.1123,1167.886,7235.9966,750.5979
1758178249,1411.1403,3115.2817,3522.0627,3528.5967,10963.215,10722.39,8990.817,3039.3318,22577.838,3179.7214
1758175040,769.489,1847.0844,1922.0598,1931.1456,6866.2236,5399.0786,6188.547,2045.4196,11409.599,1134.2139
1758177066,1089.3998,2780.12,3214.6501,3178.4155,11037.545,8404.484,8324.805,2865.1902,16505.305,1561.2139
1758178586,1156.2899,2830.4495,3225.6077,3222.7732,10600.163,8520.206,7837.1235,2769.6262,15396.841,1477.1049
1758175982,889.45935,1876.2083,2191.9758,2164.7996,7055.832,6497.7446,6337.319,2093.43,13626.584,1322.1418
1758178119,1439.6326,3184.073,3625.9893,3606.4336,11331.818,11099.252,9343.327,3116.6118,23895.916,3605.006
1758178238,1436.2164,3188.431,3627.4597,3609.8357,11332.255,11099.269,9339.3125,3112.2034,23897.64,3601.257
1758177351,1319.9803,2767.7627,3188.6687,3467.751,9938.126,9982.737,8247.014,2981.2153,19211.139,1705.4723
1758178119,1438.8328,3187.2307,3624.3857,3600.7712,11328.936,11101.442,9338.649,3115.9055,23895.271,3601.2656
1758177692,551.9777,927.61224,1052.8098,1214.0731,3142.673,3627.5903,3345.5032,1169.0663,7246.266,754.40967
1758177670,553.48114,926.4751,1054.9456,1214.935,3141.7593,3627.8474,3343.924,1166.9087,7235.9326,756.18024
1758178063,1397.5051,3128.5574,3590.2405,3538.9722,11572.721,10620.482,9027.578,3125.1223,21847.611,3573.974
1758178608,1143.8744,2834.959,3228.65,3217.2969,10594.524,8511.145,7839.548,2761.5398,15395.098,1479.3942
1758178921,968.1048,2230.702,2583.714,2688.178,8215.735,7534.1094,6075.446,2279.3376,13900.622,1253.8374
1758175230,858.8367,2114.2048,2339.0208,2326.9863,8084.088,6996.517,7083.74,2294.5151,15594.636,1450.2908
1758177604,557.2878,927.278,1050.7394,1215.2073,3143.5208,3623.8472,3340.6328,1166.1528,7242.361,756.3512
1758175960,889.62494,1876.4286,2187.604,2167.8755,7062.34,6496.0537,6336.8394,2092.4758,13632.302,1323.4784
1758178272,1412.7965,3114.0466,3522.8853,3529.0327,10961.274,10714.935,8995.074,3043.3018,22575.244,3183.7812
1758178489,1252.0564,2720.8767,3046.604,3308.7021,9317.021,9066.66,7392.11,2629.3203,16917.682,1546.6571
1758175392,938.0738,2342.3003,2807.312,2540.628,9315.642,7903.3994,7121.5835,2578.8896,17641.012,1742.4824
1758178130,1440.6372,3185.781,3628.9048,3602.3389,11330.681,11096.839,9340.234,3118.1995,23895.74,3603.704
1758177626,552.35144,922.98615,1054.3593,1213.8907,3139.8887,3620.244,3340.124,1169.475,7240.349,757.2513
1758178205,1436.0029,3187.004,3624.9353,3603.7852,11337.06,11099.421,9338.757,3114.5308,23897.982,3598.4202
1758176283,1323.6085,2970.0222,3311.9019,3385.3901,10305.88,9155.46,8661.204,3657.446,16865.303,1556.846
1758178943,963.63293,2238.8818,2581.0437,2686.8896,8209.792,7535.0034,6074.923,2287.094,13901.106,1260.1462
1758178216,1438.6702,3184.3748,3621.6248,3603.579,11328.596,11094.209,9343.399,3117.5044,23899.928,3601.6484
1758176294,1322.85,2965.1438,3310.2605,3387.9065,10299.8955,9155.609,8658.785,3664.6233,16869.5,1559.457
1758176423,1553.9397,3499.181,3960.308,4258.997,12820.239,12775.1455,10169.684,3337.7708,27375.1,2273.0127
1758177796,868.5703,2057.114,2294.1743,2206.0996,8111.337,6239.571,6347.3022,2166.9639,12684.518,1436.7847
1758179101,1113.2693,2730.4468,3243.2295,3268.6182,10706.759,8834.658,7632.7573,2753.4907,15608.993,1517.8556
1758175917,546.56506,926.8378,1102.9952,1045.8057,3168.3723,3421.6462,3302.921,1097.9348,7270.9097,844.17535
1758177299,1485.2482,3325.0781,3859.1597,4228.182,11758.384,11516.367,9277.372,3200.4456,22865.086,2035.3335
1758175567,733.8084,1729.5103,2086.7893,1895.9056,6867.1733,6031.183,5327.56,1977.1617,13518.515,1474.6147
1758176239,1322.1857,2966.9402,3312.8052,3390.359,10302.378,9162.314,8665.623,3663.5552,16869.852,1566.7866
1758176985,1093.6835,2780.384,3213.2964,3176.0776,11048.297,8402.269,8323.145,2871.481,16503.291,1560.2817
1758176434,1557.3169,3500.639,3964.7222,4264.4243,12819.615,12774.4,10166.736,3332.4185,27372.184,2282.048
1758178227,1436.757,3182.0815,3623.9312,3608.6245,11337.504,11096.414,9336.909,3116.8418,23894.93,3603.9197
1758176305,1324.8579,2964.952,3308.0908,3382.2444,10307.012,9156.706,8660.679,3656.836,16868.045,1564.3978
1758178809,922.2011,1850.2722,2080.5894,2356.505,6265.5166,6839.343,5357.571,1970.8351,13465.529,1125.805
1758178597,1146.1246,2838.3767,3223.5542,3219.634,10596.866,8518.729,7839.5317,2759.493,15393.409,1478.483
1758175960,886.44385,1875.449,2191.0881,2168.1584,7060.029,6497.553,6337.5635,2092.7644,13628.432,1321.7162
1758177055,1092.069,2783.349,3209.322,3173.819,11046.91,8402.868,8322.846,2870.0076,16502.965,1562.4458
1758176532,1151.5131,2473.0007,2826.2712,3012.6692,9010.331,9430.082,7520.4673,2578.9338,20342.355,1798.6034
1758176782,620.5427,1048.1025,1205.1407,1360.2075,3577.9229,4053.008,3827.3625,1245.2588,8382.103,859.5751
1758177932,1302.5583,3318.1592,3778.5627,3614.6775,13105.822,10283.292,9247.298,3341.3677,20814.266,2222.091
1758178909,967.1395,2231.942,2581.5642,2687.2893,8208.376,7542.146,6076.9507,2281.207,13896.28,1256.2782
1758177988,1398.0582,3129.1587,3587.2153,3536.825,11573.073,10619.886,9025.951,3133.6619,21846.305,3571.6394
1758178798,929.3819,1855.007,2083.4062,2360.729,6267.953,6842.948,5362.3096,1968.8151,13466.23,1123.1887
1758177288,1483.8226,3320.5837,3855.6992,4228.9854,11763.664,11518.735,9276.488,3198.9883,22869.287,2036.6193
1758178444,1254.0726,2721.9246,3045.8472,3307.0054,9319.544,9069.785,7389.099,2635.1255,16919.348,1543.9344
1758177417,1313.5132,2767.7898,3187.5159,3475.0815,9936.365,9977.587,8247.198,2982.1099,19212.047,1708.9486
1758175403,933.16,2340.6062,2813.8315,2538.6404,9311.506,7906.483,7113.9077,2578.6992,17642.11,1748.3192
1758178642,1048.0521,2557.3103,2892.2834,2900.2373,9556.066,7790.9243,7170.4062,2521.9543,14387.646,1369.9427
1758177751,869.3957,2054.8167,2296.0493,2203.8765,8112.3447,6240.016,6352.047,2167.2925,12687.456,1429.303
1758175589,734.19977,1728.9305,2084.6753,1892.9731,6862.957,6026.78,5324.1357,1978.4386,13522.972,1476.3696
1758177592,661.7911,1298.6355,1408.6876,1523.001,4380.848,4568.2153,4127.922,1397.8384,9203.104,962.61774
1758177362,1319.03,2765.011,3184.142,3474.1968,9935.461,9980.009,8250.747,2981.8162,19211.693,1710.5344
1758177143,1356.3049,3501.4578,4019.6719,4181.787,13360.613,10880.873,9872.864,3421.7346,21288.977,1938.9875
1758177955,1305.0488,3319.234,3780.039,3617.9268,13103.184,10279.721,9247.167,3342.6375,20819.191,2219.7766
1758175219,854.0657,2113.0317,2343.7334,2322.0593,8086.1533,6999.9585,7088.7085,2292.2395,15588.178,1455.359
1758178887,966.70135,2232.7786,2590.507,2682.3855,8209.502,7539.0835,6077.303,2287.4797,13899.16,1258.9108
1758177615,556.5228,930.0837,1053.0798,1215.3729,3140.7537,3623.7324,3341.482,1162.7152,7246.3555,753.5198
1758175371,941.43005,2342.6077,2814.1675,2542.3364,9312.465,7906.3413,7120.2324,2576.3381,17638.076,1748.1144
1758175197,858.6637,2114.116,2338.6047,2323.386,8084.7734,6997.247,7080.9336,2289.7378,15594.422,1454.4573
1758176974,1093.0748,2781.0989,3215.2266,3175.5706,11041.862,8401.296,8324.787,2867.007,16500.664,1557.2511
1758178977,966.24713,2233.3254,2583.959,2693.2607,8213.948,7541.7153,6077.36,2284.8894,13898.36,1259.9336
1758175446,860.6256,2149.991,2579.2683,2327.0054,8574.288,7289.2085,6498.738,2382.352,16418.975,1679.4038
1758177255,1481.6798,3328.0872,3857.2563,4230.2075,11758.537,11521.008,9280.654,3204.093,22862.918,2037.6703
1758177222,1482.966,3323.7974,3855.605,4225.7476,11761.625,11511.314,9276.652,3200.0125,22866.408,2035.4512
1758175403,938.9953,2338.8376,2810.7446,2543.2458,9314.459,7905.1904,7120.871,2573.8772,17645.58,1751.3369
1758176897,766.5026,1661.2434,1955.8007,1824.955,6803.6284,5178.983,5709.148,1915.6244,10484.825,1066.9193
1758177066,1091.3629,2777.7031,3213.9187,3180.936,11049.452,8398.618,8324.582,2868.369,16507.553,1563.0322
1758177943,1300.0052,3314.9353,3776.2104,3612.3582,13100.558,10286.258,9250.528,3341.3474,20811.562,2215.5925
1758177439,1312.924,2765.3652,3185.9187,3473.3906,9933.018,9977.748,8245.829,2984.0156,19208.09,1708.0712
1758178238,1438.1068,3188.3752,3625.2856,3606.508,11330.7295,11098.804,9336.831,3116.7056,23898.27,3602.4673
1758177110,1350.4857,3500.072,4025.7905,4181.314,13360.978,10878.022,9867.672,3416.6519,21289.986,1938.8198
1758174906,672.61633,1556.8749,1712.6096,1692.9675,6049.828,4955.8105,5485.137,1892.5339,10214.787,1065.4352
1758178764,927.786,1857.0249,2081.6072,2364.8591,6264.8555,6835.417,5364.1167,1971.1531,13464.539,1123.6456
1758177762,867.1042,2056.7117,2294.083,2205.0835,8108.4146,6244.0063,6347.696,2166.3547,12689.013,1434.1925
1758176919,775.65826,1658.6571,1960.1637,1821.7297,6808.197,5180.222,5705.6963,1918.1031,10488.288,1063.937
1758178898,966.6862,2237.9932,2585.4265,2686.892,8207.464,7538.644,6078.263,2279.0725,13897.946,1261.3326
1758178074,1398.6396,3129.0603,3591.3916,3539.3477,11574.766,10620.784,9022.116,3129.8403,21850.219,3571.5525
1758175457,866.5168,2148.6328,2577.9963,2323.2466,8580.664,7290.6357,6503.693,2386.9934,16414.615,1679.9287
1758177121,1354.3859,3504.157,4019.5752,4184.8677,13361.545,10882.12,9871.491,3417.5266,21293.578,1937.538
1758175360,939.022,2340.4949,2809.6707,2543.3318,9316.562,7903.255,7115.3315,2579.4307,17643.152,1752.428
1758175971,890.0465,1875.5726,2191.9822,2167.1365,7063.49,6505.2573,6333.848,2093.9297,13629.601,1322.1326
1758175556,734.38776,1727.5818,2087.5442,1892.3243,6871.1777,6033.5557,5330.1665,1982.0472,13525.274,1481.3405
1758178041,1397.5364,3130.5024,3589.2185,3537.4468,11575.158,10620.811,9021.408,3121.7385,21850.074,3568.838
1758178097,1397.3838,3128.9658,3590.6968,3538.996,11577.318,10623.722,9018.207,3128.2947,21843.81,3572.3064
1758175436,869.4626,2149.3462,2577.439,2321.5479,8575.713,7290.0376,6495.09,2378.928,16414.627,1677.9775
1758176067,1310.4761,3183.511,3547.5635,3579.5854,12196.598,10467.093,10260.739,3396.4832,21648.062,1925.4547
1758177255,1486.3275,3322.7861,3853.8145,4229.9526,11761.784,11515.617,9275.678,3200.0132,22862.648,2037.3265
1758175414,940.3569,2346.227,2812.0828,2546.2659,9312.648,7905.3374,7123.8716,2579.891,17640.81,1751.1578
1758177110,1355.229,3503.9365,4030.8325,4183.942,13360.319,10884.426,9867.804,3414.2207,21294.059,1940.81
1758177955,1302.7183,3318.6597,3778.5073,3620.251,13099.701,10279.941,9245.627,3342.76,20818.13,2216.991
1758176826,620.15155,1049.281,1209.4816,1359.9893,3583.4287,4048.0708,3826.0342,1245.2783,8380.144,854.0535
1758178954,962.9524,2234.8748,2580.1404,2687.2305,8212.017,7540.0073,6074.2925,2281.4595,13897.096,1261.735
1758176423,1548.7346,3497.5,3957.2563,4261.012,12818.373,12774.265,10162.962,3331.874,27372.156,2278.4067
1758177428,1313.9227,2768.1077,3180.7915,3470.8274,9934.66,9975.948,8245.663,2986.1667,19217.723,1706.6946
1758175371,944.88916,2342.6516,2807.767,2543.8296,9311.794,7906.0703,7120.765,2579.3604,17639.11,1744.1217
1758178876,929.92914,1851.9092,2085.641,2361.5403,6269.047,6840.645,5364.453,1969.1837,13471.65,1129.2091
1758178809,923.34064,1854.1958,2083.2637,2362.4304,6268.815,6838.801,5363.5083,1969.1858,13469.45,1132.5262
1758176261,1320.2283,2967.4932,3318.612,3382.0698,10302.367,9160.006,8664.031,3661.2456,16865.148,1564.8175
1758176565,1149.6058,2474.1719,2824.362,3009.7417,9004.223,9431.814,7523.044,2580.1357,20342.055,1797.61
1758179123,1115.3181,2737.2065,3240.2427,3268.6338,10714.819,8836.222,7633.093,2755.7222,15605.134,1512.8466
1758175197,854.0271,2109.2437,2343.087,2329.3564,8081.048,7001.2188,7081.3984,2293.5908,15593.115,1451.4806
1758175284,857.64594,2113.818,2338.7673,2327.7988,8086.3213,7001.2285,7085.2305,2287.8152,15590.443,1449.5662
1758174971,766.5237,1848.2222,1917.4279,1931.7557,6859.9707,5399.244,6190.625,2056.2053,11404.775,1131.6073
1758178909,969.31116,2231.9668,2575.7317,2688.8625,8206.612,7536.4814,6075.921,2280.0205,13902.529,1256.1552
1758176930,776.9789,1662.246,1961.512,1820.5647,6808.192,5178.1963,5705.17,1918.509,10483.88,1065.8923
1758177200,1352.6084,3502.3801,4028.5898,4182.9946,13364.99,10882.086,9866.32,3420.675,21293.605,1941.3954
1758176804,618.185,1047.5319,1205.4785,1362.1027,3579.2332,4051.8635,3825.5544,1245.7642,8381.437,858.99164
1758177943,1304.9739,3316.8613,3775.4275,3614.8984,13103.585,10275.765,9253.842,3345.2664,20820.396,2213.4954
1758176305,1322.9669,2966.3464,3316.303,3387.4202,10300.283,9158.774,8664.389,3658.995,16865.033,1565.2737
1758178433,1258.0161,2719.1853,3044.715,3307.3655,9321.155,9063.601,7390.4175,2627.5789,16918.799,1542.1791
1758176897,777.63983,1657.3943,1962.4702,1825.9376,6810.055,5177.544,5708.1567,1919.156,10482.126,1065.5808
1758175230,858.433,2111.2617,2339.5388,2325.0906,8087.0596,6996.4844,7083.974,2292.7659,15592.658,1450.6423
1758176919,770.6078,1660.8163,1958.209,1824.2716,6809.8164,5183.3843,5711.3447,1915.1824,10482.182,1062.1538
1758177428,1315.4218,2765.4785,3189.324,3473.222,9937.7,9982.106,8245.232,2983.1506,19208.416,1706.456
1758177773,868.5323,2063.0671,2295.5232,2204.9795,8113.2607,6240.3833,6345.113,2173.1562,12688.516,1433.2296
1758178977,966.71246,2234.911,2581.0068,2690.1008,8215.758,7541.073,6076.7764,2283.846,13896.35,1260.5281
1758176848,775.83374,1663.4073,1959.7666,1821.6836,6810.097,5177.8516,5708.071,1921.3643,10484.179,1068.365
1758176239,1318.0316,2965.6477,3313.7463,3384.6768,10302.216,9151.618,8664.191,3659.837,16865.555,1559.5177
1758174917,768.5005,1852.4279,1910.6143,1932.2665,6861.6235,5398.016,6188.3584,2051.205,11410.61,1129.435
1758177288,1489.245,3329.096,3852.8115,4222.78,11763.551,11517.846,9279.256,3200.9192,22868.44,2037.8552
1758178444,1255.1234,2723.6895,3042.8699,3302.0361,9318.706,9066.719,7386.8823,2629.101,16922.375,1547.2393
1758177615,560.1165,929.91394,1052.4679,1219.4487,3142.8223,3629.9373,3344.419,1167.9912,7241.215,753.82947
1758175971,890.86725,1873.6819,2187.8555,2161.15,7058.418,6499.0083,6336.7188,2098.601,13629.313,1319.8945
1758178422,1254.1932,2723.201,3045.646,3303.8132,9319.033,9065.399,7387.328,2627.9,16918.125,1549.4398
1758175371,939.0017,2340.4124,2809.1653,2541.2214,9312.624,7902.7563,7122.144,2583.0518,17643.402,1747.9049
1758174928,763.7449,1850.7401,1913.5781,1936.4095,6859.581,5394.4604,6190.7695,2049.654,11403.455,1130.5704
1758174950,763.14844,1849.7427,1917.2814,1933.2526,6862.141,5398.426,6188.9795,2046.6486,11409.731,1128.3807
1758177762,871.121,2055.7063,2296.8396,2203.433,8106.5146,6243.468,6351.2393,2173.3608,12684.741,1437.0317
1758174960,765.30414,1852.0228,1913.5106,1937.0306,6862.676,5400.7007,6187.399,2043.2166,11406.011,1125.9282
1758178619,1150.6624,2834.834,3222.0408,3222.1147,10596.585,8518.754,7835.3228,2761.8362,15396.531,1479.8112
1758175208,855.4808,2110.637,2345.7317,2325.5696,8081.026,6999.97,7082.826,2295.1318,15596.773,1450.6093
1758178500,1147.9435,2835.8718,3226.9932,3218.0256,10600.3,8522.4795,7838.278,2764.755,15395.748,1485.0809
1758176897,773.0215,1659.8033,1957.4147,1823.5549,6804.9053,5179.1255,5714.42,1920.013,10479.91,1063.7975
1758177648,557.0702,930.2835,1054.9639,1218.4197,3142.72,3623.1514,3342.8987,1164.2449,7243.0376,755.3352
1758175414,946.72174,2346.529,2806.5918,2541.4785,9311.518,7901.7656,7118.4307,2580.9,17645.055,1745.9404
1758178194,1438.8502,3183.6875,3623.867,3608.7058,11333.127,11098.0,9341.621,3114.1838,23894.139,3600.8013
1758178876,924.31433,1854.746,2084.7832,2362.8867,6269.3853,6839.118,5357.2534,1969.4528,13464.581,1127.104
1758178575,1152.5175,2835.9722,3227.152,3220.324,10598.54,8515.669,7836.9775,2762.8975,15394.214,1482.7411
1758175982,892.6863,1874.7574,2191.8413,2166.0742,7064.7944,6496.1104,6338.408,2100.9226,13630.767,1322.9249
1758177428,1315.0494,2768.1614,3181.8909,3474.4788,9936.815,9981.597,8245.376,2983.0315,19209.656,1710.4341
1758175621,731.69305,1730.4729,2091.233,1891.0663,6872.3066,6029.5728,5325.188,1974.7454,13524.077,1476.3212
1758175360,943.27124,2343.545,2810.6152,2541.9917,9313.56,7902.3457,7124.3013,2578.9866,17635.572,1748.4036
1758178052,1399.1102,3126.3706,3589.993,3542.3123,11574.3,10613.894,9026.098,3128.7097,21847.889,3575.121
1758177110,1355.785,3500.7607,4022.9348,4185.95,13358.938,10883.819,9870.605,3419.7148,21291.043,1941.122
1758178238,1438.8325,3186.9866,3623.1353,3603.395,11333.8125,11097.799,9340.138,3118.6213,23893.684,3606.8787
1758178422,1253.8223,2724.9587,3048.2632,3306.3264,9324.621,9070.336,7386.8,2628.968,16922.557,1546.1105
1758178653,1047.6399,2555.4275,2901.929,2900.3254,9558.508,7797.187,7177.766,2523.2385,14378.713,1367.3119
1758175284,854.4966,2107.925,2338.8252,2327.517,8080.3955,6999.1216,7086.9106,2295.2197,15594.624,1453.2341
1758176897,772.97955,1659.665,1961.1855,1820.3071,6810.3833,5179.4136,5704.803,1922.5502,10488.216,1062.7761
1758178097,1399.2916,3130.88,3588.038,3537.9626,11575.185,10621.118,9025.731,3125.1555,21846.238,3569.75
1758175621,737.31177,1731.5985,2088.258,1890.8683,6861.5283,6033.792,5326.107,1971.8641,13521.078,1478.0817
1758177910,1305.526,3320.6848,3775.6758,3614.1973,13098.586,10277.945,9247.232,3343.8337,20815.168,2220.5208
1758177637,557.45056,926.0449,1053.9427,1216.8127,3143.5393,3626.0625,3343.7258,1166.7482,7243.9395,758.8216
1758178433,1251.0084,2721.64,3047.7673,3309.455,9317.378,9067.024,7385.8945,2632.7954,16921.344,1548.707
1758177244,1487.7892,3323.093,3858.6748,4226.9775,11759.607,11516.88,9276.9375,3202.1758,22869.918,2035.7583
1758178787,922.81256,1856.9674,2086.9607,2360.9658,6266.504,6840.1616,5358.4976,1972.1755,13465.8125,1125.6707
1758177807,867.0715,2055.036,2300.6118,2205.9934,8107.6147,6243.2803,6355.5103,2171.9026,12693.447,1431.7869
1758175273,856.09,2109.8884,2339.969,2323.8953,8084.4336,6997.191,7086.785,2293.5488,15596.52,1449.132
1758178086,1400.0619,3123.3564,3584.382,3540.2908,11576.831,10620.036,9022.774,3133.846,21848.775,3573.4128
1758174993,768.2883,1851.247,1916.1716,1939.4087,6865.282,5397.541,6187.949,2048.146,11405.577,1136.4165
1758176826,621.8143,1047.5588,1202.4036,1362.8616,3579.552,4050.6665,3825.2844,1243.4141,8386.591,856.91864
1758175062,1086.8179,2565.7126,2928.2117,2899.3572,9266.818,7878.939,7800.2373,2647.0188,15858.753,1511.1887
1758179055,1113.2864,2737.5728,3231.6306,3273.3535,10709.964,8836.747,7634.859,2761.748,15602.222,1516.3191
1758175535,866.4745,2151.3167,2581.3354,2321.6655,8576.435,7293.102,6501.5503,2383.7942,16416.836,1681.6946
1758178108,1403.6368,3131.3538,3588.0051,3538.6516,11574.5205,10622.711,9026.046,3132.5503,21854.318,3572.6953
1758175105,1080.2119,2564.0283,2925.0789,2901.908,9266.312,7873.8438,7795.6924,2650.7659,15851.809,1511.0369
1758176848,772.77966,1658.2241,1961.0367,1823.9609,6811.0767,5180.499,5714.61,1914.7513,10483.166,1066.7114
1758177840,865.96545,2056.0574,2292.3542,2206.6497,8109.894,6240.397,6351.899,2171.7605,12687.525,1434.041
1758176941,773.80164,1661.6053,1958.154,1824.8004,6813.4956,5180.2393,5716.4023,1920.1,10485.222,1069.0475
1758177255,1484.2295,3326.91,3857.5894,4228.6377,11758.275,11515.246,9272.094,3193.4644,22867.52,2034.667
1758175219,856.10455,2107.8064,2339.3481,2324.9688,8086.6025,6998.783,7085.8774,2292.8372,15593.997,1456.1261
1758175895,549.89014,925.9999,1103.3665,1042.597,3169.4421,3417.9539,3302.9736,1101.327,7264.6816,838.6923
1758177417,1315.8872,2766.7917,3186.1777,3470.0237,9933.648,9980.14,8248.207,2981.2666,19204.002,1708.266
1758174906,671.0968,1556.1057,1708.6656,1685.2651,6056.61,4949.0957,5481.51,1890.9004,10222.1,1069.0514
1758177384,1315.6041,2764.5935,3180.574,3472.5203,9931.773,9978.336,8249.8,2982.9504,19207.969,1703.09
1758178522,1152.27,2839.3188,3217.632,3218.3936,10595.171,8516.262,7836.1333,2767.1643,15396.828,1476.8202
1758176609,989.05817,2069.5745,2339.0332,2481.9226,7394.776,7832.032,6415.1235,2199.858,16800.379,1562.931
1758175567,730.6338,1727.5785,2089.213,1894.5295,6870.1333,6032.4785,5321.429,1980.2467,13523.855,1484.1586
1758176467,1149.8875,2472.9226,2819.966,3007.9973,9007.621,9435.456,7523.912,2579.629,20341.023,1795.3412
1758174993,763.0503,1848.3484,1916.8741,1935.601,6863.4517,5399.401,6192.927,2052.7175,11406.347,1129.9952
1758176543,1153.6788,2475.567,2819.2317,3013.0305,9008.894,9432.274,7522.8716,2582.6587,20338.45,1794.8019
1758177762,863.2041,2057.5532,2296.6162,2203.1196,8113.371,6242.1484,6354.898,2171.4668,12686.773,1434.1946
1758175284,852.0251,2108.9773,2338.5586,2321.933,8081.132,6999.597,7085.583,2294.9714,15595.429,1453.6199
1758176985,1095.2352,2780.9094,3208.9553,3178.279,11047.345,8403.287,8321.324,2869.5151,16504.164,1559.4181
1758176576,1152.395,2472.6648,2825.3315,3011.5427,9009.289,9432.358,7526.341,2578.6199,20340.46,1800.0096
1758177615,553.12415,924.70935,1052.8894,1221.7836,3142.7969,3625.9133,3340.4675,1171.6962,7239.8545,755.87994
1758175403,939.88916,2342.0847,2809.3135,2543.4248,9309.399,7904.315,7117.63,2577.8174,17638.316,1750.6649
1758175425,871.3633,2149.0752,2578.562,2328.6584,8578.934,7292.7803,6497.58,2387.9417,16415.75,1675.9629
1758177604,551.70184,926.83203,1054.8839,1217.3536,3142.4648,3628.1382,3340.5894,1166.2418,7242.265,756.226
1758178238,1439.7245,3182.0251,3623.5908,3610.4553,11329.339,11099.042,9339.233,3116.1008,23895.97,3605.0713
1758178921,965.9853,2235.9146,2586.3557,2688.4656,8210.106,7536.433,6075.7266,2286.192,13906.31,1259.3213
1758175219,863.2142,2111.134,2341.6099,2322.507,8087.7354,6998.2705,7083.461,2293.5674,15590.599,1450.4856
1758176111,1314.1888,3185.622,3551.9204,3575.5913,12198.919,10468.037,10261.81,3396.3364,21644.021,1918.5112
1758176261,1323.1519,2964.1,3307.4482,3388.7234,10298.412,9162.192,8665.515,3661.362,16868.8,1563.3829
1758175381,944.2881,2347.8315,2805.978,2541.255,9313.62,7903.9478,7113.19,2580.488,17642.63,1749.8883
1758178642,1051.2706,2557.2917,2897.881,2900.874,9560.699,7798.6704,7169.7695,2525.02,14385.862,1371.3016
1758176826,614.9451,1046.74,1205.7446,1360.68,3585.0974,4049.0078,3825.9993,1243.5865,8379.596,857.45715
1758176919,775.15784,1657.9559,1962.1888,1825.3024,6809.882,5179.0967,5710.696,1916.8606,10485.982,1065.135
1758176815,617.23505,1047.0981,1208.7693,1360.1284,3575.807,4047.0093,3827.9927,1245.969,8383.032,853.4028
1758178876,924.65265,1858.0848,2080.974,2359.447,6262.8247,6839.595,5361.3228,1969.4413,13463.353,1124.2195
1758175360,941.80347,2341.716,2809.4006,2545.9712,9312.2295,7907.92,7115.549,2575.7444,17645.037,1754.7649
