x,y,f1,f2,f3,f4,f5,f6,f7,f8,clear,nir
300.0,175.0,829.6219,1868.0402,1810.6792,1883.3118,6817.0293,5114.026,5807.317,1915.1425,11112.535,1050.2091
300.0,175.0,831.6915,1864.2006,1804.2635,1878.1392,6811.78,5115.0205,5807.0312,1913.7727,11112.621,1046.9115
300.0,175.0,831.12067,1870.4161,1806.1724,1878.5571,6809.113,5116.743,5808.5254,1914.4438,11111.373,1046.0543
300.0,175.0,830.57544,1864.6636,1807.7102,1882.2607,6810.4204,5116.3335,5805.304,1913.1696,11112.351,1048.705
300.0,175.0,835.3175,1871.8154,1802.7745,1879.929,6806.785,5113.643,5803.11,1911.2986,11113.316,1049.9862
300.0,175.0,829.88336,1867.596,1806.2676,1878.8625,6813.558,5110.9287,5806.0596,1912.5754,11112.48,1049.4506
300.0,175.0,826.6837,1866.9375,1810.7112,1880.07,6809.732,5112.127,5805.699,1909.5298,11109.444,1044.5173
300.0,175.0,831.5579,1868.7965,1808.8193,1875.1183,6806.773,5109.9814,5806.4736,1912.8105,11111.214,1044.5548
300.0,175.0,831.4188,1873.5796,1805.6539,1880.7869,6810.365,5118.2017,5808.127,1913.0646,11106.877,1050.9958
300.0,175.0,829.59467,1873.2266,1805.8773,1878.42,6812.226,5116.8096,5811.3525,1916.6962,11106.374,1049.309
300.0,175.0,831.0936,1868.4014,1804.2546,1876.9272,6819.2886,5116.0303,5802.036,1913.5468,11112.277,1045.3632
300.0,175.0,831.74475,1870.3533,1804.9459,1876.4495,6807.563,5110.9546,5801.0396,1910.6442,11110.928,1047.904
300.0,175.0,834.51044,1872.0571,1809.2933,1875.198,6808.7676,5111.838,5813.1255,1915.288,11116.848,1042.5254
300.0,175.0,827.82697,1872.9667,1803.9828,1882.507,6810.159,5113.65,5804.277,1914.9915,11106.109,1047.0092
300.0,175.0,828.5413,1868.88,1801.6008,1880.7421,6810.236,5114.887,5803.7617,1911.3827,11110.219,1046.955
300.0,175.0,829.7174,1870.0049,1808.2351,1875.4529,6816.567,5117.5557,5803.9346,1914.1637,11113.628,1045.004
300.0,175.0,830.1526,1875.11,1806.7621,1875.9182,6815.1235,5114.0815,5804.131,1920.4001,11110.029,1047.7936
300.0,175.0,832.1852,1866.0491,1806.885,1880.046,6812.676,5119.21,5805.1133,1915.5245,11113.54,1047.3855
300.0,175.0,828.96106,1874.5493,1804.4681,1878.2103,6812.3535,5114.133,5803.225,1910.0841,11117.667,1049.0006
300.0,175.0,829.8594,1874.1046,1808.2645,1879.6362,6815.362,5111.1436,5806.5273,1911.0197,11111.417,1045.4668
300.0,175.0,833.0628,1868.3862,1807.8527,1879.9944,6811.7607,5112.4697,5803.5024,1917.893,11112.944,1047.4015
300.0,175.0,831.24713,1872.5575,1804.7886,1874.1285,6809.5566,5114.015,5803.585,1918.5391,11110.146,1044.566
300.0,175.0,832.79535,1876.961,1808.1732,1882.4849,6810.2734,5113.2036,5802.3564,1909.9646,11115.197,1052.7772
300.0,175.0,830.95715,1870.544,1809.5396,1876.6064,6812.2954,5115.985,5809.029,1909.5137,11116.161,1049.3625
300.0,175.0,829.16785,1868.7568,1809.7935,1879.686,6807.39,5117.255,5802.7207,1911.393,11113.756,1053.3569
300.0,175.0,833.33606,1876.2943,1799.3176,1880.0576,6816.8594,5112.5986,5804.996,1913.0125,11112.532,1050.138
300.0,175.0,834.5332,1869.3646,1805.6179,1879.9735,6815.5337,5113.5693,5808.4766,1914.8555,11114.821,1048.5876
300.0,175.0,832.0246,1872.5447,1806.6196,1882.1957,6809.121,5110.4,5806.6924,1913.2256,11106.044,1050.9553
300.0,175.0,834.5195,1872.2743,1807.7379,1881.5446,6810.564,5114.5083,5803.0864,1915.8903,11112.934,1048.3417
300.0,175.0,831.2784,1869.1613,1807.2389,1878.4797,6814.77,5111.071,5802.759,1913.9413,11114.127,1050.4048
300.0,275.0,665.5173,961.808,1299.9586,1306.3519,3703.9592,3723.8174,3467.7458,1248.6757,8236.879,863.52655
300.0,275.0,667.14404,962.85046,1295.8145,1309.4487,3700.3293,3723.612,3467.0063,1246.9001,8236.962,866.3984
300.0,275.0,667.9858,961.874,1294.5056,1305.4497,3702.88,3718.278,3464.773,1245.21,8235.469,865.12213
300.0,275.0,664.7794,963.12067,1292.3921,1308.9545,3703.8022,3717.2046,3469.6296,1241.3762,8235.956,861.7104
300.0,275.0,666.1163,964.3452,1299.1943,1311.6503,3700.7888,3720.9001,3467.9548,1242.2513,8235.093,867.7033
300.0,275.0,665.54504,958.4548,1294.624,1307.9625,3701.1885,3719.4397,3469.4626,1250.2759,8236.206,866.3512
300.0,275.0,665.1136,959.0442,1289.2711,1311.1868,3699.7412,3723.87,3466.35,1238.653,8235.166,864.5893
300.0,275.0,668.00507,958.6458,1292.7129,1308.03,3700.1858,3721.1628,3472.7915,1244.2311,8235.547,861.71826
300.0,275.0,662.8684,959.5863,1301.515,1309.5901,3699.392,3722.2388,3472.3013,1243.297,8239.995,865.50555
300.0,275.0,666.9653,959.8765,1291.0619,1303.9353,3697.111,3722.1455,3465.7283,1247.8187,8239.557,864.57385
300.0,275.0,665.0582,956.69104,1297.9507,1308.6803,3700.6528,3723.4878,3468.8503,1251.0242,8232.061,865.7869
300.0,275.0,666.0074,958.8339,1300.0773,1307.5194,3702.764,3718.4402,3466.2378,1243.9817,8233.2,867.3741
300.0,275.0,664.3391,959.1609,1297.5491,1308.1741,3701.6326,3724.1206,3466.0034,1241.6312,8236.511,859.2951
300.0,275.0,668.8844,962.40607,1295.5289,1307.0034,3699.636,3723.8528,3472.07,1245.9092,8236.982,864.1772
300.0,275.0,664.58716,960.6968,1300.7444,1305.2382,3700.235,3722.5657,3464.257,1247.0275,8233.937,862.39667
300.0,275.0,668.95917,960.58856,1301.4069,1307.1097,3701.997,3719.836,3477.4678,1244.4053,8233.472,861.734
300.0,275.0,667.47455,962.5033,1300.875,1308.3436,3697.082,3719.937,3472.1934,1246.0632,8233.536,867.1319
300.0,275.0,662.9665,957.8465,1298.481,1309.8936,3701.1697,3725.9763,3466.0237,1245.313,8241.536,859.97766
300.0,275.0,663.38995,957.85504,1299.2164,1309.2919,3695.5244,3719.7104,3470.8882,1243.6493,8232.441,862.771
300.0,275.0,659.4873,956.8023,1291.2698,1304.8712,3705.1953,3721.724,3472.508,1245.654,8233.17,865.5797
300.0,275.0,667.6005,959.01056,1302.2065,1308.2599,3701.7156,3722.4358,3467.6418,1242.7605,8238.074,867.6953
300.0,275.0,666.9525,957.65063,1294.5634,1307.2798,3701.739,3723.4792,3469.5925,1247.1167,8234.819,866.5368
300.0,275.0,667.10046,953.6625,1293.1687,1300.222,3694.8171,3722.879,3474.385,1246.2926,8230.2,862.9284
300.0,275.0,664.94946,956.18414,1298.0858,1309.6499,3704.137,3722.9114,3469.7764,1249.8094,8234.457,865.0902
300.0,275.0,666.31036,960.4791,1293.3556,1307.0228,3705.8215,3719.4685,3469.1338,1247.3112,8231.742,866.95337
300.0,275.0,663.51953,959.837,1299.1863,1301.6079,3698.906,3724.2476,3467.6497,1250.3788,8233.654,863.0683
300.0,275.0,661.6209,962.41565,1296.0457,1304.6427,3701.392,3720.7812,3475.7834,1248.1609,8233.19,866.10266
300.0,275.0,667.35144,952.69293,1291.9326,1308.5022,3704.1545,3724.9656,3464.3857,1245.4243,8230.67,863.8684
300.0,275.0,665.3637,951.50745,1296.6519,1310.2626,3699.9211,3722.9907,3466.7778,1245.7401,8237.549,864.9516
300.0,275.0,663.0552,960.3071,1298.5627,1310.197,3697.8127,3722.2773,3467.4136,1243.4203,8241.626,861.0137
300.0,375.0,679.7586,1066.1792,1336.0557,1480.1597,4025.3833,4090.752,3808.601,1331.73,8661.876,855.34393
300.0,375.0,676.692,1059.312,1338.2726,1480.4717,4031.6755,4088.5217,3808.1313,1333.8649,8662.779,856.0902
300.0,375.0,675.7501,1063.0125,1336.4847,1485.5345,4027.9316,4088.3506,3807.9543,1335.0273,8658.191,855.39996
300.0,375.0,676.9975,1063.8401,1336.5446,1481.7183,4028.0588,4086.9321,3809.6433,1331.636,8659.828,856.9822
300.0,375.0,679.3194,1065.0736,1335.3079,1481.7913,4023.0027,4090.311,3805.811,1329.2295,8667.669,857.7062
300.0,375.0,677.59607,1063.7314,1339.6738,1481.2795,4029.1675,4087.5828,3813.2336,1332.0945,8667.245,859.01276
300.0,375.0,676.14777,1061.7051,1337.5532,1479.931,4026.9624,4088.8296,3808.7266,1336.0713,8663.366,857.32886
300.0,375.0,676.2201,1060.8759,1332.1553,1476.1361,4025.3787,4090.5415,3807.9285,1332.5679,8661.649,853.26416
300.0,375.0,675.0324,1066.5862,1331.8182,1481.7179,4027.445,4090.2898,3809.804,1330.8256,8666.724,853.9866
300.0,375.0,675.2133,1056.7074,1333.8025,1478.267,4025.7463,4089.5337,3808.8696,1333.5544,8663.406,858.7634
300.0,375.0,677.4318,1060.2266,1336.7446,1478.6515,4025.604,4084.4568,3808.6362,1329.3328,8665.255,851.08026
300.0,375.0,678.9551,1063.4742,1336.6013,1482.2869,4025.967,4088.0151,3808.7544,1333.1294,8667.879,861.7072
300.0,375.0,680.698,1065.8369,1335.0233,1482.9886,4026.667,4084.0483,3804.8098,1333.9482,8662.911,858.56836
300.0,375.0,679.68823,1064.9736,1334.2343,1483.5586,4023.135,4089.2856,3812.8335,1330.0128,8662.823,848.8884
300.0,375.0,677.14636,1064.3453,1339.3453,1481.5448,4028.51,4084.4504,3809.538,1337.4813,8661.867,851.51385
300.0,375.0,679.45575,1064.9275,1337.2797,1481.2001,4028.0103,4089.3418,3808.459,1332.6436,8662.721,857.5866
300.0,375.0,677.912,1061.6123,1333.0404,1477.6592,4020.6611,4087.7188,3810.9893,1334.6405,8665.189,857.7498
300.0,375.0,673.52344,1057.1093,1334.232,1482.5593,4028.6484,4089.4353,3804.383,1333.5754,8664.133,855.05286
300.0,375.0,678.6076,1063.7616,1332.9728,1479.1871,4029.5178,4082.066,3802.4817,1335.961,8662.186,857.5507
300.0,375.0,674.7796,1056.3182,1332.6586,1477.2275,4026.2178,4089.7761,3807.0356,1337.4481,8661.376,855.18365
300.0,375.0,678.4672,1059.3728,1331.2595,1482.1959,4030.4316,4087.7224,3809.2224,1331.3799,8667.239,856.2276
300.0,375.0,676.85974,1064.8739,1337.378,1484.9673,4029.8633,4085.5623,3804.09,1335.6437,8665.012,854.89795
300.0,375.0,675.9599,1059.8663,1334.3353,1482.8763,4025.1396,4087.031,3808.5996,1331.9677,8659.403,854.8795
300.0,375.0,674.0468,1065.8477,1336.0513,1483.9645,4028.7378,4086.096,3805.9436,1332.5847,8660.365,853.9027
300.0,375.0,679.12616,1055.3397,1336.8943,1480.0061,4028.1663,4084.833,3806.737,1329.9811,8669.38,855.3638
300.0,375.0,677.2921,1061.3826,1340.7659,1480.817,4027.2542,4084.6829,3808.862,1334.3976,8665.613,855.55585
300.0,375.0,679.89417,1060.6425,1335.3622,1479.202,4028.4548,4086.7427,3809.6926,1330.2247,8664.04,857.88245
300.0,375.0,673.94946,1059.3966,1332.8063,1482.2993,4027.0725,4087.8582,3809.8901,1332.4894,8661.631,857.45905
300.0,375.0,676.7945,1064.2596,1333.4735,1480.239,4022.5635,4087.47,3808.3289,1335.4358,8662.576,852.6725
300.0,375.0,677.27,1064.3187,1334.9736,1479.3025,4021.611,4088.0212,3807.9595,1331.952,8662.381,856.9872
300.0,475.0,385.72836,511.447,701.35706,872.25977,1876.3099,2482.8757,2090.8254,820.21344,5005.163,519.6958
300.0,475.0,391.47708,512.66425,700.4443,871.0619,1875.4498,2480.8054,2087.9246,821.3596,5008.2197,512.94037
300.0,475.0,392.82996,516.0943,705.1298,866.7751,1879.6382,2482.5295,2088.0303,821.16956,5003.9766,515.48956
300.0,475.0,391.41992,512.6216,700.7554,868.8023,1880.3868,2480.004,2085.9136,815.9302,5007.5347,517.4159
300.0,475.0,388.3442,513.6072,703.08673,870.3849,1874.9979,2479.9653,2089.569,818.41693,5008.0615,516.62177
300.0,475.0,386.80997,509.83484,706.2909,868.7713,1876.6907,2482.2852,2089.475,817.0241,5006.698,516.0375
300.0,475.0,390.18262,508.81754,701.04846,868.5942,1874.6554,2478.2976,2091.947,823.1962,5008.032,520.834
300.0,475.0,391.8795,510.66675,706.18994,868.60754,1879.6749,2484.4446,2090.6475,816.3775,5002.6636,518.93304
300.0,475.0,392.887,507.14566,703.72754,869.0497,1875.9438,2481.4744,2091.0063,822.88074,5005.7285,520.03253
300.0,475.0,387.06403,518.47125,706.2863,870.95026,1875.7133,2483.3833,2089.1167,821.4303,5004.039,519.29364
300.0,475.0,387.21564,508.31958,707.7,866.5348,1879.7954,2485.2283,2087.6738,820.5457,5004.05,515.5385
300.0,475.0,387.37875,511.8266,699.44763,869.89984,1883.3596,2481.6465,2088.6821,813.82983,5004.362,519.70953
300.0,475.0,384.85294,514.7808,701.5832,866.0792,1876.3512,2480.5735,2087.7065,822.2432,5008.3555,516.2338
300.0,475.0,388.63815,509.36313,703.06946,869.20935,1876.8214,2479.4023,2089.5845,824.8743,5006.6953,519.94934
300.0,475.0,389.56366,505.76706,696.7389,869.602,1878.1412,2480.9023,2090.658,821.0702,5007.215,516.3602
300.0,475.0,388.04306,514.9714,702.62787,872.6455,1876.2682,2480.8157,2090.8887,820.74347,5005.2573,518.0198
300.0,475.0,391.02957,513.4893,702.62476,869.4304,1877.6559,2480.5999,2087.7834,822.35736,5006.145,519.07904
300.0,475.0,389.41754,512.1094,704.45386,866.1861,1878.5204,2480.217,2090.316,821.4138,5005.7754,516.07465
300.0,475.0,388.4965,517.58856,705.31665,867.1846,1880.5159,2477.6921,2087.659,815.5664,5006.6455,519.70953
300.0,475.0,388.3848,514.6206,706.5506,869.1367,1878.0305,2483.4739,2091.1343,817.69507,5002.9287,521.3964
300.0,475.0,391.63486,514.6078,707.0268,868.09454,1880.062,2478.534,2089.3052,821.6577,5004.5405,518.6284
300.0,475.0,391.57797,514.18365,709.7408,866.27905,1885.232,2483.2864,2084.061,816.6041,5002.739,514.6796
300.0,475.0,389.9892,515.388,706.4267,868.6093,1879.4578,2479.9653,2093.1155,819.6215,5003.203,514.81915
300.0,475.0,389.46823,512.67426,697.5387,868.8002,1878.0845,2485.9275,2089.4758,820.3633,5003.85,520.77167
300.0,475.0,386.95657,509.28433,704.70013,870.7966,1880.7887,2484.2285,2088.0159,819.6393,5003.457,517.14264
300.0,475.0,387.768,510.8091,699.70245,867.6435,1871.1991,2484.0732,2088.8381,821.1028,5009.328,519.10864
300.0,475.0,388.34766,507.75107,707.3498,868.3841,1881.2675,2479.3943,2095.0532,822.72284,5001.7075,520.0303
300.0,475.0,386.46716,510.65356,699.7978,863.8576,1879.6552,2482.2854,2092.4644,817.37585,5005.2275,518.5999
300.0,475.0,389.64636,516.1694,704.24677,870.14655,1876.7847,2480.8833,2090.1733,821.9466,5004.891,518.0163
300.0,475.0,387.28375,512.6235,707.51025,869.75977,1879.0164,2479.709,2088.7754,822.4169,5005.425,513.9976
300.0,575.0,1135.6848,2682.6458,3106.5376,3208.2207,9483.728,9195.452,7453.934,2767.9307,16804.371,1577.822
300.0,575.0,1135.352,2688.9766,3117.6008,3206.8108,9487.985,9194.226,7453.173,2768.3015,16805.162,1577.9713
300.0,575.0,1136.6171,2688.5696,3107.6526,3208.516,9487.288,9193.089,7454.5146,2776.9495,16806.191,1575.212
300.0,575.0,1136.4966,2684.4207,3111.3,3207.6638,9486.089,9193.617,7452.394,2774.5125,16808.162,1579.3613
300.0,575.0,1133.1761,2683.957,3110.6123,3205.9233,9491.91,9196.426,7451.536,2773.1624,16807.86,1576.202
300.0,575.0,1131.899,2686.4785,3110.511,3209.6333,9487.265,9190.664,7451.897,2776.2913,16807.139,1580.6289
300.0,575.0,1138.0906,2684.7896,3114.4536,3205.4773,9489.784,9194.071,7452.4346,2772.7175,16807.156,1578.4915
300.0,575.0,1134.3073,2688.8557,3109.1418,3210.9841,9489.544,9194.738,7448.733,2772.4119,16808.578,1578.3909
300.0,575.0,1139.9662,2685.4739,3113.1516,3206.3347,9483.919,9194.772,7445.4146,2771.679,16808.984,1576.9304
300.0,575.0,1137.7722,2684.0608,3112.6445,3211.5647,9487.77,9200.675,7450.848,2772.1455,16809.83,1575.1848
300.0,575.0,1137.0133,2684.9526,3115.0464,3207.9062,9485.192,9193.709,7452.9365,2767.9055,16805.033,1580.326
300.0,575.0,1132.8988,2681.3943,3107.738,3207.0745,9483.316,9195.712,7453.3213,2773.0793,16811.232,1576.3418
300.0,575.0,1135.0636,2692.9375,3113.4214,3206.484,9489.486,9192.308,7453.017,2773.5493,16814.326,1581.165
300.0,575.0,1135.5431,2688.3977,3105.1355,3207.2832,9483.341,9191.137,7451.8345,2770.775,16813.613,1575.1667
300.0,575.0,1135.8608,2680.9907,3109.1726,3207.2412,9481.498,9197.381,7453.084,2775.5535,16807.684,1578.9957
300.0,575.0,1133.044,2684.1594,3108.8745,3205.255,9492.683,9196.995,7454.8965,2771.2102,16805.371,1579.1208
300.0,575.0,1133.6176,2686.2078,3113.368,3211.4072,9490.123,9197.105,7452.7363,2770.8433,16804.98,1575.8096
300.0,575.0,1136.3268,2687.2095,3109.4697,3208.9192,9489.33,9195.942,7449.7754,2777.008,16809.705,1577.5914
300.0,575.0,1136.3877,2684.9426,3112.028,3210.5496,9484.816,9198.072,7445.801,2771.45,16803.686,1575.8507
300.0,575.0,1137.6106,2690.0383,3111.9297,3210.3452,9480.464,9195.621,7448.553,2773.7537,16810.654,1581.041
300.0,575.0,1133.8083,2686.572,3107.9463,3205.7256,9483.34,9196.509,7455.8965,2772.2349,16812.041,1579.2006
300.0,575.0,1132.0217,2684.8967,3113.4421,3204.8005,9492.395,9192.459,7450.7944,2772.1096,16805.732,1579.2928
300.0,575.0,1133.9329,2687.204,3109.7078,3209.1082,9479.537,9192.693,7455.2554,2773.5793,16809.602,1576.0685
300.0,575.0,1138.2117,2682.6116,3114.5364,3205.6897,9486.144,9197.962,7455.2354,2775.6455,16808.035,1578.3145
300.0,575.0,1139.9966,2685.493,3110.853,3206.9443,9482.707,9195.547,7449.8647,2770.6074,16812.701,1574.6432
300.0,575.0,1136.5775,2689.751,3113.873,3209.929,9483.507,9196.534,7448.35,2771.5542,16805.88,1576.0594
300.0,575.0,1131.5414,2689.8792,3107.6013,3212.871,9485.637,9196.023,7453.994,2776.952,16802.395,1576.811
300.0,575.0,1135.683,2683.827,3111.6814,3211.0146,9482.309,9193.285,7452.517,2773.6287,16812.688,1579.1871
300.0,575.0,1132.8309,2687.242,3106.5925,3209.0276,9488.803,9193.734,7454.6284,2775.185,16808.297,1578.9938
300.0,575.0,1135.3066,2685.508,3109.108,3204.6838,9487.15,9197.2,7450.015,2770.9497,16809.947,1577.533
400.0,175.0,1090.9907,2587.7883,2895.0508,2891.813,9317.144,7776.7056,7621.8716,2618.5332,15790.032,1487.661
400.0,175.0,1091.8544,2590.0383,2897.9495,2887.555,9316.729,7775.233,7618.442,2619.5781,15786.827,1489.2147
400.0,175.0,1091.4371,2586.9553,2898.1372,2888.3877,9320.363,7775.872,7618.6445,2624.3386,15783.222,1491.7646
400.0,175.0,1092.8114,2585.7266,2897.8765,2884.242,9307.314,7777.5737,7616.6885,2622.3809,15790.049,1487.9777
400.0,175.0,1094.225,2586.601,2895.4377,2886.0415,9314.294,7782.425,7617.222,2618.2673,15790.13,1492.7507
400.0,175.0,1097.0026,2577.3079,2899.0896,2888.9321,9310.442,7775.8545,7615.012,2617.931,15790.498,1491.3945
400.0,175.0,1096.6802,2585.6792,2892.8142,2887.9185,9316.139,7778.822,7620.7827,2619.7812,15786.4375,1489.781
400.0,175.0,1096.6907,2586.2805,2890.376,2889.475,9315.213,7774.826,7617.5864,2620.76,15787.679,1490.6741
400.0,175.0,1093.2081,2589.323,2898.525,2887.6802,9316.231,7781.711,7614.745,2616.6702,15787.085,1491.015
400.0,175.0,1093.4849,2586.5977,2894.9792,2890.445,9315.245,7779.5073,7615.821,2621.1733,15787.03,1489.8759
400.0,175.0,1093.7458,2585.7705,2892.7725,2887.0984,9314.845,7779.0034,7614.9556,2619.7869,15793.858,1489.2313
400.0,175.0,1093.0468,2581.3875,2893.492,2887.5374,9311.162,7779.069,7619.9326,2622.0415,15784.979,1494.1825
400.0,175.0,1092.8496,2586.4783,2897.3162,2887.2095,9318.702,7774.513,7620.2305,2620.37,15782.633,1486.8921
400.0,175.0,1093.2002,2586.7034,2891.5293,2890.673,9309.746,7779.695,7615.7944,2619.9897,15790.229,1491.4175
400.0,175.0,1093.0408,2587.4949,2892.259,2886.7117,9311.43,7776.6025,7619.364,2618.1394,15785.936,1488.8777
400.0,175.0,1092.3029,2579.161,2893.1592,2884.8198,9317.725,7778.1943,7618.1343,2622.7114,15784.737,1489.6917
400.0,175.0,1092.5623,2584.185,2887.6555,2885.587,9311.679,7775.787,7617.403,2615.365,15787.678,1485.9015
400.0,175.0,1092.9379,2585.1367,2889.092,2887.9473,9318.517,7779.8667,7620.038,2619.624,15786.425,1485.7308
400.0,175.0,1089.1207,2585.9946,2896.1113,2892.3691,9311.97,7777.949,7617.7944,2621.4272,15784.887,1489.9315
400.0,175.0,1092.7935,2587.9482,2891.9453,2885.33,9313.258,7779.4263,7617.6177,2621.6316,15785.217,1490.0823
400.0,175.0,1092.4282,2584.579,2889.671,2886.2563,9310.044,7777.3535,7618.502,2618.3516,15786.65,1486.8656
400.0,175.0,1091.2782,2580.7834,2897.114,2884.2922,9317.75,7780.665,7618.5503,2617.9233,15784.169,1491.7064
400.0,175.0,1093.5872,2582.0818,2893.2073,2884.2207,9310.005,7778.061,7617.0005,2615.1738,15786.5205,1492.1913
400.0,175.0,1091.2379,2589.1345,2892.832,2885.3376,9312.954,7775.6245,7620.2236,2616.7224,15784.727,1486.8324
400.0,175.0,1094.2356,2585.0002,2893.2869,2892.0508,9316.444,7772.297,7617.117,2621.3362,15789.369,1486.0825
400.0,175.0,1096.2417,2588.091,2890.7568,2889.9636,9312.396,7776.3325,7620.4214,2620.8916,15792.858,1486.9652
400.0,175.0,1092.4525,2583.5483,2894.246,2887.1594,9316.151,7783.022,7619.841,2618.1653,15787.735,1494.8538
400.0,175.0,1094.112,2581.7834,2894.2112,2893.6147,9314.047,7776.6035,7621.6616,2618.432,15789.446,1489.5631
400.0,175.0,1094.2291,2582.478,2897.0667,2892.0325,9312.792,7776.148,7617.935,2621.0466,15789.096,1491.3765
400.0,175.0,1093.9172,2588.6191,2893.3115,2889.8547,9312.708,7775.2485,7619.375,2620.5342,15785.537,1491.449
400.0,275.0,1348.9467,3200.621,3464.8884,3521.4688,12157.037,10300.077,10003.816,3212.9275,21471.814,1845.8287
400.0,275.0,1343.87,3202.1558,3462.6477,3519.5066,12160.433,10303.5205,10002.289,3209.0051,21476.316,1840.8558
400.0,275.0,1347.4607,3193.2278,3462.1184,3520.2195,12156.77,10302.844,10001.724,3214.0603,21471.363,1843.1548
400.0,275.0,1352.2603,3196.8,3462.4312,3518.845,12158.75,10303.909,10003.468,3211.1914,21473.328,1848.061
400.0,275.0,1354.5948,3198.6614,3463.9204,3521.5776,12158.14,10297.6,10004.573,3213.8215,21472.717,1846.9133
400.0,275.0,1350.1315,3197.294,3468.1455,3517.578,12161.807,10299.114,9998.944,3213.392,21471.281,1844.1134
400.0,275.0,1347.0669,3198.0881,3462.5142,3520.512,12159.189,10303.573,10002.311,3212.386,21466.53,1844.8502
400.0,275.0,1352.0074,3199.6243,3466.6616,3520.0776,12160.623,10300.872,10003.973,3214.503,21470.14,1842.4062
400.0,275.0,1351.1904,3206.1536,3462.2969,3514.9126,12160.048,10301.961,10004.14,3213.684,21466.32,1843.6017
400.0,275.0,1346.4924,3194.7703,3464.5898,3518.8777,12151.583,10300.151,9998.498,3214.5173,21474.027,1847.7457
400.0,275.0,1351.7408,3201.2937,3467.6018,3525.5964,12163.634,10302.794,10001.848,3214.8196,21476.756,1843.8171
400.0,275.0,1348.5986,3203.3948,3461.2996,3520.1614,12156.453,10306.484,10001.558,3215.9377,21470.996,1842.0391
400.0,275.0,1349.0386,3197.3987,3466.7175,3518.0278,12163.361,10298.764,9999.358,3217.6401,21463.854,1843.2662
400.0,275.0,1351.7979,3197.3613,3462.1914,3517.04,12157.196,10297.135,10003.044,3210.4114,21473.232,1845.8495
400.0,275.0,1351.2118,3193.336,3470.7288,3519.7183,12156.413,10308.833,10005.466,3209.7844,21469.906,1844.5742
400.0,275.0,1350.7064,3196.6238,3468.7559,3519.7864,12156.637,10296.76,10003.248,3212.7166,21471.436,1845.5574
400.0,275.0,1352.2192,3198.641,3461.2668,3516.4463,12156.039,10306.235,10003.796,3210.3247,21467.428,1844.9205
400.0,275.0,1345.3073,3195.8328,3466.2239,3520.0967,12158.214,10302.72,10005.452,3214.1392,21464.889,1842.4779
400.0,275.0,1351.0922,3199.3398,3465.1882,3521.002,12155.797,10296.147,9994.928,3214.5098,21475.35,1842.601
400.0,275.0,1351.7881,3199.4688,3470.2847,3519.642,12153.914,10303.132,10005.441,3211.0664,21472.518,1841.6388
400.0,275.0,1346.8934,3195.3694,3463.9863,3519.4985,12163.568,10302.274,10001.914,3211.9546,21477.219,1844.1719
400.0,275.0,1347.2162,3200.56,3467.1646,3520.5579,12161.66,10301.557,10004.977,3215.533,21468.766,1846.0631
400.0,275.0,1344.5704,3196.6157,3464.8225,3520.813,12160.92,10307.799,10002.89,3214.8523,21464.854,1848.0013
400.0,275.0,1348.4451,3200.7673,3465.276,3526.4275,12158.701,10297.015,10007.22,3208.6072,21466.645,1842.8656
400.0,275.0,1350.8438,3196.0938,3456.6003,3520.4094,12157.797,10294.485,9996.975,3207.752,21471.781,1840.3519
400.0,275.0,1346.2288,3195.1587,3464.1648,3516.2703,12156.022,10302.076,9997.285,3213.023,21471.205,1844.7274
400.0,275.0,1350.6449,3196.5623,3463.7,3521.265,12158.396,10297.525,9998.469,3210.7969,21469.902,1844.4043
400.0,275.0,1347.509,3196.0903,3465.2866,3518.7844,12158.147,10300.271,10004.054,3211.5432,21473.803,1847.02
400.0,275.0,1346.3567,3197.4436,3466.604,3518.9055,12158.682,10305.293,10002.738,3214.0396,21466.191,1847.8217
400.0,275.0,1347.4388,3196.6042,3460.0764,3519.308,12153.786,10304.033,10006.041,3211.057,21470.168,1840.0945
400.0,375.0,895.3129,1940.5607,2124.1145,1926.8851,7802.504,5577.288,6097.9873,2002.8193,11152.825,1080.3931
400.0,375.0,898.0727,1935.0431,2116.7878,1925.6284,7807.2393,5576.6353,6101.0645,2001.4294,11151.121,1079.8074
400.0,375.0,895.07166,1935.2665,2120.1409,1927.4851,7805.363,5580.8677,6102.3096,2002.4768,11153.754,1079.9508
400.0,375.0,895.31195,1931.0234,2117.695,1924.4135,7801.316,5581.4854,6097.262,2004.503,11146.827,1080.6106
400.0,375.0,894.82355,1930.5613,2121.1328,1925.5521,7802.036,5579.7666,6095.196,2004.6157,11149.916,1080.1747
400.0,375.0,896.39105,1936.2015,2118.6196,1923.3024,7810.0337,5579.106,6100.5303,2001.6375,11146.077,1082.1107
400.0,375.0,897.0979,1932.24,2115.3877,1927.1969,7802.4966,5580.975,6100.27,2006.1813,11145.845,1082.9188
400.0,375.0,896.107,1938.9807,2116.2773,1927.3356,7801.834,5576.572,6100.8984,2003.1902,11152.736,1078.4169
400.0,375.0,896.0164,1930.8718,2119.8394,1925.8558,7803.1963,5581.174,6100.1846,1998.9225,11154.897,1078.2773
400.0,375.0,899.1196,1935.643,2117.751,1925.7236,7806.1304,5582.424,6099.9,2003.3584,11156.827,1079.3477
400.0,375.0,892.4479,1936.493,2119.8604,1931.9222,7804.7915,5578.177,6105.662,2000.7928,11148.338,1080.9059
400.0,375.0,892.4929,1938.8563,2110.782,1922.768,7804.802,5581.8047,6096.2393,2001.9279,11151.185,1085.0968
400.0,375.0,893.24,1930.3687,2115.9666,1932.616,7795.9336,5577.76,6107.6123,2003.5443,11152.24,1082.2878
400.0,375.0,894.92615,1938.1624,2114.9045,1922.2363,7801.089,5577.839,6096.443,1998.9464,11150.831,1078.2782
400.0,375.0,896.69165,1940.0754,2120.5664,1922.3224,7798.7134,5580.906,6099.1655,1998.0896,11144.929,1077.9625
400.0,375.0,896.21906,1938.657,2121.6646,1923.5833,7801.5293,5577.399,6101.9575,2002.805,11147.714,1077.746
400.0,375.0,894.055,1937.2362,2116.7712,1925.7396,7802.846,5577.7407,6103.5493,2005.1508,11157.184,1082.2208
400.0,375.0,898.5982,1938.8413,2119.8022,1928.8722,7799.7446,5580.6123,6103.0195,1998.8788,11146.449,1083.5432
400.0,375.0,896.7669,1933.829,2121.3975,1926.3566,7806.78,5580.098,6099.403,2005.3268,11151.259,1080.4603
400.0,375.0,897.1288,1934.3083,2120.921,1923.418,7803.6265,5575.78,6103.557,2004.3438,11151.687,1083.3876
400.0,375.0,894.3491,1927.5469,2116.0867,1926.9926,7811.0054,5580.0435,6104.852,2006.7274,11149.415,1075.9081
400.0,375.0,898.2703,1936.6099,2118.3013,1924.2422,7804.182,5580.492,6106.0073,2002.6353,11146.582,1076.9567
400.0,375.0,897.7793,1937.2249,2110.889,1928.9983,7807.3076,5586.7163,6098.126,2000.8214,11148.017,1084.1022
400.0,375.0,895.86194,1937.748,2116.4893,1924.3932,7806.688,5580.0596,6104.1006,2004.5797,11146.627,1081.7156
400.0,375.0,897.13654,1932.1742,2119.236,1923.3007,7804.8486,5578.535,6105.6094,2000.806,11155.446,1080.4521
400.0,375.0,896.0587,1934.332,2114.8232,1928.9624,7809.6763,5578.322,6101.0444,2003.7952,11147.022,1078.8944
400.0,375.0,894.9836,1934.2932,2115.5244,1924.2568,7806.0146,5579.0215,6102.231,2005.1055,11148.417,1081.3046
400.0,375.0,894.1745,1937.1554,2118.8997,1925.0309,7805.702,5578.6045,6105.025,2003.8665,11153.982,1080.6409
400.0,375.0,895.1058,1933.5287,2112.1372,1926.6405,7802.967,5573.6514,6108.441,1997.7611,11153.659,1082.0038
400.0,375.0,897.55914,1931.7565,2117.5054,1924.7397,7805.8423,5579.187,6101.3276,2002.0643,11146.629,1080.8038
400.0,475.0,944.0969,2157.3586,2240.842,2195.0596,8206.012,6302.3564,6340.7036,2090.2688,12735.195,1388.2289
400.0,475.0,940.25653,2162.6453,2239.4478,2194.464,8205.3,6302.91,6338.949,2088.0688,12737.505,1385.6423
400.0,475.0,936.50946,2159.0735,2244.4636,2198.9631,8200.915,6300.3086,6332.7803,2090.398,12737.783,1380.9518
400.0,475.0,941.70105,2157.7017,2238.8728,2196.9575,8209.513,6298.374,6336.8203,2088.9985,12735.304,1382.8691
400.0,475.0,937.2954,2162.7568,2240.4846,2192.5283,8204.756,6299.107,6333.041,2087.1448,12732.123,1381.1489
400.0,475.0,940.0487,2151.9177,2242.0627,2194.1985,8202.094,6301.737,6341.9624,2092.5764,12732.0625,1380.6061
400.0,475.0,941.954,2161.955,2240.7007,2195.1658,8208.575,6297.131,6339.6177,2094.7883,12728.3,1386.8918
400.0,475.0,938.81995,2155.1184,2241.349,2195.3584,8204.51,6301.131,6343.446,2088.091,12736.149,1382.9791
400.0,475.0,944.1169,2153.1409,2240.1738,2194.622,8208.419,6300.07,6336.534,2090.5442,12733.828,1384.7026
400.0,475.0,940.41595,2153.6716,2246.4033,2194.4768,8203.205,6300.097,6339.8564,2093.7576,12725.682,1382.4379
400.0,475.0,942.4401,2158.387,2239.4614,2199.2952,8207.05,6303.0376,6336.4785,2089.3894,12732.924,1378.9098
400.0,475.0,939.73535,2157.581,2240.9666,2194.0142,8210.589,6297.687,6340.34,2092.4463,12727.637,1384.5996
400.0,475.0,942.0948,2158.0715,2241.2024,2192.2483,8204.753,6301.017,6334.898,2089.3684,12734.426,1386.1836
400.0,475.0,941.99634,2157.9758,2243.1423,2196.3396,8208.163,6299.9126,6335.4697,2092.26,12733.288,1383.2592
400.0,475.0,936.1936,2157.2778,2237.948,2192.4731,8207.15,6303.289,6339.1416,2094.4795,12729.372,1387.0308
400.0,475.0,938.30005,2159.04,2244.7563,2196.8562,8206.084,6300.223,6339.0264,2087.6235,12732.929,1388.1824
400.0,475.0,939.11523,2151.678,2237.8118,2191.0752,8205.892,6296.98,6335.5044,2092.5261,12735.025,1382.9615
400.0,475.0,937.52594,2156.4778,2239.3765,2196.822,8207.081,6302.66,6343.1196,2096.3423,12734.394,1382.1466
400.0,475.0,937.2712,2152.1724,2238.919,2191.6807,8208.768,6301.9097,6337.183,2091.079,12731.79,1386.1575
400.0,475.0,939.2044,2154.5261,2238.4075,2192.1992,8203.505,6299.1514,6338.6533,2086.1926,12734.815,1385.2751
400.0,475.0,943.3318,2160.2126,2240.7612,2194.9026,8206.299,6300.4854,6336.0747,2085.4058,12737.98,1382.4727
400.0,475.0,942.92896,2160.87,2243.896,2192.4224,8209.948,6299.698,6337.0034,2091.2737,12732.144,1382.8406
400.0,475.0,940.4692,2157.5132,2234.3826,2194.8674,8205.77,6301.051,6337.302,2088.71,12734.048,1383.3821
400.0,475.0,938.0593,2158.01,2247.8352,2194.449,8204.791,6296.653,6346.7676,2091.2244,12730.331,1383.7706
400.0,475.0,941.07227,2159.0823,2245.9568,2193.892,8208.483,6296.8843,6335.484,2084.9336,12735.388,1388.2084
400.0,475.0,944.2192,2158.8298,2241.1848,2195.2844,8201.957,6300.6,6339.3823,2090.7546,12731.803,1382.8898
400.0,475.0,937.1011,2156.6787,2239.4163,2194.0813,8201.248,6298.285,6338.281,2089.0195,12732.448,1383.0332
400.0,475.0,939.91235,2158.8318,2242.062,2196.0034,8205.127,6301.0493,6337.284,2087.4001,12736.037,1386.2617
400.0,475.0,940.887,2158.2742,2235.086,2199.3418,8204.155,6303.6787,6331.7974,2093.2346,12735.542,1384.6619
400.0,475.0,939.3913,2157.9854,2240.0632,2194.948,8204.957,6300.808,6334.52,2087.9377,12734.34,1382.3741
400.0,575.0,1039.6351,2976.0134,3187.9841,2933.588,11021.013,8563.39,8000.3086,2747.711,14767.237,1483.0271
400.0,575.0,1037.4567,2974.4758,3185.8877,2930.4695,11026.63,8566.605,7997.3115,2747.6416,14769.595,1481.8531
400.0,575.0,1039.5641,2980.2922,3190.755,2930.8323,11021.556,8563.936,7998.996,2743.1904,14768.236,1477.3383
400.0,575.0,1040.4447,2975.0093,3184.5574,2931.5967,11018.568,8561.874,8003.6885,2747.8203,14767.663,1482.88
400.0,575.0,1038.0715,2979.4604,3188.7766,2929.0847,11028.0,8567.474,7996.021,2744.5227,14768.076,1480.0422
400.0,575.0,1036.7924,2977.5686,3184.5742,2930.592,11022.328,8566.4795,8001.9395,2745.901,14768.264,1477.2573
400.0,575.0,1033.1631,2971.903,3185.5356,2931.1465,11027.669,8567.176,8000.279,2747.9028,14767.074,1488.6396
400.0,575.0,1034.5383,2976.8389,3189.8994,2930.5059,11018.853,8564.3955,8002.5073,2741.704,14766.018,1481.081
400.0,575.0,1035.5684,2979.7283,3182.5195,2931.3667,11025.456,8565.181,8006.1924,2749.117,14771.513,1481.5383
400.0,575.0,1036.0414,2979.2083,3187.3708,2933.1736,11019.836,8565.288,7999.049,2744.548,14767.933,1479.2181
400.0,575.0,1036.6797,2976.6033,3182.1143,2935.516,11022.598,8566.661,7999.5815,2745.6516,14765.973,1479.8174
400.0,575.0,1038.0978,2977.5642,3194.7468,2932.5586,11023.957,8564.732,7998.2188,2745.7883,14771.34,1477.9325
400.0,575.0,1038.3738,2975.5276,3187.1455,2928.9277,11021.025,8565.467,8004.207,2742.612,14766.716,1481.7034
400.0,575.0,1037.1356,2973.19,3182.1243,2928.6248,11018.57,8563.488,8000.8413,2746.904,14772.404,1484.4966
400.0,575.0,1037.9447,2977.905,3184.1653,2933.49,11015.641,8566.468,7999.7363,2746.4695,14769.398,1481.7477
400.0,575.0,1033.7644,2976.9653,3186.0657,2932.0972,11024.85,8567.888,8005.174,2744.99,14771.622,1483.1923
400.0,575.0,1036.3741,2981.3984,3192.3535,2934.1367,11019.441,8565.867,7996.784,2749.7114,14769.831,1481.489
400.0,575.0,1035.9156,2971.474,3191.6306,2937.7454,11022.253,8566.349,7998.7373,2747.893,14771.655,1476.4545
400.0,575.0,1037.7954,2975.779,3194.433,2931.2852,11024.605,8564.198,8001.912,2746.9585,14770.6,1479.012
400.0,575.0,1034.4612,2974.6665,3184.7637,2932.1895,11022.232,8568.282,7999.963,2744.3364,14772.4,1482.9806
400.0,575.0,1038.5712,2977.3694,3186.8462,2933.2349,11021.712,8564.285,8001.462,2744.5488,14771.06,1476.0931
400.0,575.0,1034.7595,2982.184,3189.5938,2928.8818,11020.608,8563.438,8001.9873,2743.3706,14771.366,1481.3313
400.0,575.0,1036.0402,2977.644,3188.0237,2932.294,11019.363,8570.352,8004.2056,2744.9011,14765.229,1480.5747
400.0,575.0,1035.63,2977.1343,3187.6082,2934.9023,11027.805,8568.881,7998.928,2745.3657,14766.499,1482.3257
400.0,575.0,1033.8464,2978.985,3187.9985,2931.7197,11023.267,8569.054,8004.1284,2749.9863,14772.622,1479.9183
400.0,575.0,1038.9976,2975.6519,3183.4458,2930.1738,11023.026,8565.075,8000.611,2745.171,14768.173,1485.4438
400.0,575.0,1041.0398,2975.6768,3182.042,2931.3088,11024.585,8567.124,8001.228,2745.9556,14767.905,1477.0287
400.0,575.0,1038.9938,2971.895,3190.3408,2928.9639,11023.404,8566.474,8003.737,2742.7627,14766.019,1476.8848
400.0,575.0,1034.0663,2974.083,3187.0376,2930.7573,11020.384,8565.885,8001.87,2743.1414,14765.385,1482.0128
400.0,575.0,1036.1204,2977.7673,3188.2334,2934.803,11025.515,8567.781,8001.525,2743.996,14769.018,1486.812
500.0,175.0,961.14453,2162.7917,2311.238,2429.3755,8181.1064,6914.815,6954.425,2178.4126,15743.555,1398.1619
500.0,175.0,959.57886,2162.4722,2313.5923,2429.0715,8182.78,6912.626,6959.4517,2175.6946,15742.363,1399.9532
500.0,175.0,960.6376,2162.2627,2312.71,2428.731,8189.399,6910.36,6957.9927,2173.8699,15747.902,1394.4784
500.0,175.0,957.71387,2161.3828,2314.8123,2433.5095,8182.801,6913.577,6958.249,2180.3127,15746.769,1402.4789
500.0,175.0,963.0399,2158.606,2311.0435,2427.2473,8180.4736,6911.7485,6961.68,2177.1133,15743.877,1393.3326
500.0,175.0,959.1927,2162.5671,2313.2585,2429.0095,8187.554,6908.322,6959.6265,2178.7576,15747.223,1397.0543
500.0,175.0,962.27875,2163.3804,2312.044,2429.6685,8187.9785,6913.2476,6953.017,2180.4685,15744.26,1398.994
500.0,175.0,964.1821,2164.0234,2312.4165,2431.4392,8188.711,6909.7524,6959.1626,2179.8254,15749.341,1394.1022
500.0,175.0,956.4025,2161.323,2307.6907,2432.4468,8184.222,6909.5977,6957.5986,2177.8289,15751.074,1400.6409
500.0,175.0,958.0688,2163.6501,2313.564,2432.8706,8190.131,6911.904,6960.9297,2181.7288,15742.211,1398.9631
500.0,175.0,959.79364,2166.3525,2312.6538,2425.3125,8182.1406,6916.7476,6957.7944,2182.2375,15745.097,1398.8145
500.0,175.0,955.8296,2160.7495,2313.019,2431.541,8187.4,6905.8125,6956.486,2180.027,15749.225,1398.2448
500.0,175.0,964.2754,2157.2957,2312.3594,2430.3147,8182.369,6916.016,6955.188,2185.92,15746.515,1398.382
500.0,175.0,962.826,2161.7188,2307.3457,2428.583,8180.5005,6917.192,6961.598,2175.7139,15748.365,1396.1
500.0,175.0,960.2755,2162.8835,2314.5059,2428.5994,8183.644,6917.769,6955.392,2180.619,15751.456,1400.7869
500.0,175.0,963.02985,2162.8032,2314.945,2431.8423,8187.0522,6913.905,6952.562,2173.8496,15747.567,1399.287
500.0,175.0,964.108,2159.3706,2311.1235,2428.7488,8187.3315,6914.6143,6955.53,2178.321,15747.907,1397.246
500.0,175.0,962.89954,2157.2048,2310.4995,2431.165,8187.993,6914.3335,6956.476,2180.3506,15756.267,1395.9357
500.0,175.0,959.59106,2159.1567,2317.4119,2429.4849,8184.5806,6911.9395,6960.9062,2175.593,15747.351,1395.2136
500.0,175.0,959.37616,2164.219,2310.5269,2430.2673,8185.019,6915.381,6953.4175,2179.7036,15747.73,1395.6753
500.0,175.0,962.17426,2165.5178,2310.8987,2425.9897,8184.9814,6914.5615,6955.961,2180.273,15746.525,1397.3568
500.0,175.0,956.22235,2162.3464,2308.474,2435.6892,8186.4634,6912.165,6962.849,2179.0547,15742.886,1399.3928
500.0,175.0,965.9746,2161.5286,2315.1917,2431.7,8186.257,6911.0703,6957.4736,2178.1147,15747.976,1395.4087
500.0,175.0,959.7158,2161.938,2309.293,2433.7883,8180.011,6912.7793,6952.4224,2174.4792,15746.315,1400.0134
500.0,175.0,965.6328,2164.333,2315.0212,2429.9558,8192.093,6915.6885,6964.1084,2182.9907,15749.435,1398.8259
500.0,175.0,958.5042,2161.039,2310.9514,2433.4783,8186.2026,6911.525,6956.049,2177.9172,15744.967,1399.036
500.0,175.0,960.6259,2161.8708,2314.744,2426.2961,8185.989,6907.3423,6956.1646,2178.9526,15745.87,1396.2003
500.0,175.0,960.4772,2159.0586,2312.1416,2429.5938,8183.902,6911.3926,6960.1807,2178.0906,15744.868,1395.0024
500.0,175.0,965.97644,2162.7703,2313.28,2433.35,8187.848,6910.421,6956.787,2182.9287,15746.239,1398.8014
500.0,175.0,963.63635,2163.671,2310.453,2431.7578,8185.608,6909.925,6958.444,2176.5923,15749.62,1397.415
500.0,275.0,1301.4475,3029.6697,3429.1687,3313.3728,10475.533,9249.091,8419.129,3864.8071,16901.701,1592.3004
500.0,275.0,1299.445,3023.626,3429.4238,3308.1428,10470.531,9252.126,8421.426,3861.3877,16905.404,1589.6122
500.0,275.0,1302.1847,3029.9905,3430.3228,3312.441,10472.073,9252.988,8420.622,3862.0444,16900.686,1594.4183
500.0,275.0,1304.3116,3030.5679,3428.1223,3311.6152,10480.258,9247.162,8419.061,3858.5671,16904.84,1588.7278
500.0,275.0,1303.9432,3030.9053,3426.8987,3309.761,10476.038,9252.485,8425.13,3856.9087,16902.418,1587.2495
500.0,275.0,1303.9297,3029.486,3428.8242,3310.082,10474.739,9244.402,8420.676,3858.2385,16904.557,1590.1766
500.0,275.0,1300.5361,3031.3828,3432.6685,3307.1602,10473.91,9251.21,8424.006,3859.6428,16904.723,1586.375
500.0,275.0,1302.9991,3028.691,3428.5256,3310.3857,10473.381,9251.973,8425.219,3862.2644,16900.99,1596.4287
500.0,275.0,1304.1638,3030.3965,3430.5112,3312.7937,10472.891,9248.856,8420.785,3861.8074,16904.6,1592.9459
500.0,275.0,1303.0726,3034.7795,3422.828,3310.7742,10475.426,9252.276,8425.752,3864.9849,16901.586,1589.3809
500.0,275.0,1306.0764,3023.9888,3427.7517,3310.8545,10472.773,9250.513,8421.06,3858.54,16900.502,1589.2252
500.0,275.0,1302.8821,3028.1614,3427.6567,3308.4043,10474.601,9249.754,8420.838,3859.0913,16902.803,1590.845
500.0,275.0,1301.5656,3025.2295,3428.5398,3311.7078,10478.08,9249.336,8417.008,3860.0266,16903.203,1594.3857
500.0,275.0,1305.6869,3028.1523,3431.361,3312.264,10473.917,9247.652,8418.93,3863.676,16899.746,1593.8588
500.0,275.0,1303.4785,3030.4001,3426.3916,3310.814,10475.741,9250.614,8419.069,3860.4255,16905.209,1587.773
500.0,275.0,1303.6263,3027.4001,3429.7666,3312.2007,10471.643,9249.008,8420.495,3866.4043,16904.512,1587.7838
500.0,275.0,1304.0178,3031.3655,3423.8452,3316.39,10477.14,9248.591,8426.25,3857.8616,16910.271,1588.7808
500.0,275.0,1304.987,3033.6072,3426.1528,3309.8232,10474.134,9253.017,8417.132,3858.226,16899.086,1590.7982
500.0,275.0,1303.5703,3027.8372,3425.765,3316.646,10477.252,9250.768,8419.229,3856.8643,16902.787,1588.8776
500.0,275.0,1302.6182,3034.847,3429.064,3309.5872,10471.792,9248.76,8422.91,3863.3157,16901.492,1593.7723
500.0,275.0,1299.0851,3031.6582,3436.0369,3312.1575,10476.618,9249.575,8415.149,3858.9382,16908.416,1592.8248
500.0,275.0,1302.6265,3034.9766,3426.894,3310.6533,10474.478,9248.898,8423.625,3862.7932,16902.438,1587.9556
500.0,275.0,1305.0237,3024.7034,3429.3833,3315.7014,10474.582,9252.582,8421.907,3864.0566,16907.707,1588.313
500.0,275.0,1302.0382,3027.8608,3424.8076,3310.6804,10476.844,9251.441,8424.564,3862.2969,16909.826,1589.1556
500.0,275.0,1305.8412,3032.3677,3432.8228,3312.5588,10478.167,9247.852,8421.193,3862.0547,16902.797,1594.7621
500.0,275.0,1305.9851,3033.1545,3427.1025,3306.7659,10473.16,9251.014,8420.25,3859.9844,16903.018,1590.401
500.0,275.0,1306.0039,3028.511,3426.775,3311.5496,10472.564,9253.03,8420.107,3861.9656,16901.271,1590.2795
500.0,275.0,1305.5029,3030.9136,3425.357,3311.558,10473.867,9249.011,8420.89,3857.231,16908.436,1591.8495
500.0,275.0,1302.6155,3032.0413,3423.7102,3312.7332,10474.868,9248.802,8417.443,3860.345,16904.348,1591.2201
500.0,275.0,1301.3379,3034.1045,3429.523,3309.7908,10478.453,9250.626,8416.002,3860.6926,16905.455,1590.9719
500.0,375.0,1291.8339,3611.0112,3960.4236,4040.9827,13526.338,10695.592,10040.26,3381.977,20670.752,1922.1959
500.0,375.0,1291.8105,3602.9734,3959.59,4038.8381,13526.161,10698.08,10049.534,3376.4187,20671.703,1913.2008
500.0,375.0,1295.407,3604.51,3954.9673,4035.9705,13524.112,10692.172,10038.443,3381.919,20670.164,1918.3156
500.0,375.0,1289.2037,3603.6445,3960.8733,4034.9827,13528.512,10694.727,10041.917,3379.6448,20670.205,1920.281
500.0,375.0,1295.2545,3606.5046,3953.6643,4035.8677,13529.833,10696.459,10043.913,3376.3152,20668.102,1920.3922
500.0,375.0,1289.2528,3604.5789,3957.4568,4038.7256,13525.108,10696.467,10036.337,3383.7344,20671.0,1917.6908
500.0,375.0,1292.4829,3611.8682,3964.1348,4037.4568,13526.114,10692.152,10041.931,3378.6414,20668.164,1922.3447
500.0,375.0,1288.2527,3605.9805,3958.745,4036.2646,13530.696,10694.741,10040.586,3380.4272,20674.496,1918.6051
500.0,375.0,1291.075,3608.0508,3958.6765,4037.6292,13528.817,10692.035,10033.104,3381.92,20675.52,1923.5858
500.0,375.0,1288.804,3602.9229,3962.3835,4038.618,13529.898,10690.338,10040.078,3383.9668,20669.727,1916.6945
500.0,375.0,1289.9126,3601.4854,3957.4338,4034.406,13525.203,10693.646,10041.383,3377.8918,20669.996,1916.7437
500.0,375.0,1289.9211,3604.1821,3962.245,4039.7012,13526.02,10702.295,10044.55,3378.6882,20672.66,1922.4335
500.0,375.0,1292.9288,3603.3848,3956.9424,4037.4602,13530.681,10697.62,10042.522,3378.4724,20666.47,1921.0596
500.0,375.0,1293.7089,3604.0002,3960.864,4040.4033,13528.179,10694.197,10040.099,3382.5913,20669.566,1920.0742
500.0,375.0,1290.5398,3605.305,3954.562,4033.8867,13527.296,10697.917,10038.074,3378.3,20668.246,1918.8796
500.0,375.0,1291.8479,3602.2588,3960.5713,4040.5112,13526.884,10695.125,10039.172,3383.1155,20673.115,1919.1218
500.0,375.0,1291.0767,3606.4204,3958.382,4038.3289,13527.86,10696.232,10042.143,3377.4568,20672.266,1919.421
500.0,375.0,1292.9531,3603.5813,3960.1436,4038.2395,13526.614,10698.795,10038.428,3381.873,20669.705,1917.4867
500.0,375.0,1290.473,3607.1455,3957.5488,4041.3713,13527.264,10698.672,10033.465,3380.1584,20672.99,1922.2803
500.0,375.0,1287.3964,3608.222,3960.768,4045.1953,13525.575,10699.064,10041.942,3381.857,20666.793,1917.8253
500.0,375.0,1291.4514,3608.2273,3955.1409,4037.052,13524.396,10695.733,10036.196,3379.278,20670.94,1914.1482
500.0,375.0,1287.8605,3608.6472,3960.043,4038.227,13524.56,10695.934,10042.922,3380.3157,20669.96,1917.5111
500.0,375.0,1288.344,3601.3796,3962.908,4034.4316,13527.386,10690.347,10039.954,3379.396,20670.535,1921.4521
500.0,375.0,1291.2959,3603.166,3961.6433,4038.7383,13530.669,10699.153,10039.102,3378.074,20673.61,1921.1599
500.0,375.0,1289.9934,3600.9746,3959.6707,4033.7761,13528.666,10693.232,10043.121,3380.4358,20674.893,1920.4536
500.0,375.0,1292.1417,3605.6423,3960.31,4037.7275,13527.805,10701.026,10037.67,3380.514,20672.035,1923.3728
500.0,375.0,1294.0061,3604.483,3959.55,4036.866,13529.092,10694.983,10043.217,3382.0889,20673.867,1920.7408
500.0,375.0,1292.0112,3609.6426,3959.7837,4038.003,13529.857,10688.052,10039.994,3380.9326,20673.773,1921.4421
500.0,375.0,1292.2975,3603.9656,3961.5352,4037.0344,13530.858,10696.603,10037.561,3379.216,20675.791,1921.1812
500.0,375.0,1292.7494,3604.7517,3956.7087,4035.7878,13523.993,10694.48,10040.159,3383.8206,20674.662,1925.2958
500.0,475.0,1337.5288,3426.1594,3702.0056,3585.319,13032.319,10412.956,9538.271,3299.3528,20870.594,2242.717
500.0,475.0,1335.002,3426.1025,3702.1611,3584.922,13031.626,10410.86,9542.676,3299.3457,20866.906,2242.01
500.0,475.0,1329.6743,3425.0017,3695.7263,3586.5044,13036.529,10412.578,9537.849,3296.3281,20860.266,2244.0051
500.0,475.0,1335.3754,3429.4287,3699.1982,3582.504,13030.073,10414.506,9544.291,3298.998,20872.602,2244.7844
500.0,475.0,1334.988,3427.0762,3703.3262,3584.3694,13026.717,10414.361,9538.444,3298.608,20871.72,2243.7092
500.0,475.0,1332.5085,3428.8245,3700.3823,3587.8074,13032.02,10416.226,9539.079,3297.5547,20869.332,2244.2607
500.0,475.0,1334.6729,3425.6614,3700.0664,3583.5488,13031.172,10413.503,9542.565,3300.2388,20867.773,2243.9438
500.0,475.0,1330.2346,3427.8137,3699.611,3587.7324,13034.252,10421.845,9540.429,3299.0837,20868.39,2244.0193
500.0,475.0,1333.8643,3426.7078,3698.78,3582.0105,13036.616,10415.807,9542.423,3299.2466,20865.594,2242.3677
500.0,475.0,1334.616,3426.7974,3694.6926,3581.245,13033.672,10415.396,9539.176,3302.0193,20866.79,2247.8545
500.0,475.0,1335.2195,3426.288,3694.8408,3585.4639,13038.635,10413.892,9543.177,3299.0793,20869.635,2245.4526
500.0,475.0,1334.4308,3420.415,3695.6567,3580.364,13031.559,10409.153,9543.951,3301.7117,20865.406,2247.9148
500.0,475.0,1334.6807,3425.161,3699.0437,3586.522,13031.078,10414.2705,9539.665,3297.2883,20870.113,2247.196
500.0,475.0,1330.0596,3426.1655,3696.239,3587.4924,13032.908,10416.787,9543.718,3297.981,20874.684,2242.9033
500.0,475.0,1334.412,3420.7463,3700.5605,3582.1477,13030.849,10415.003,9534.277,3301.8835,20869.154,2246.1118
500.0,475.0,1335.0055,3426.335,3695.3936,3584.96,13032.147,10409.826,9538.411,3299.0544,20869.451,2242.9788
500.0,475.0,1335.8514,3423.4766,3697.9792,3585.6196,13032.2295,10414.89,9543.605,3296.495,20874.768,2244.6516
500.0,475.0,1331.3005,3431.5315,3698.7004,3581.8203,13028.37,10414.116,9538.521,3296.471,20870.28,2247.777
500.0,475.0,1335.159,3427.2075,3702.4802,3583.565,13036.579,10411.811,9539.676,3295.511,20876.809,2243.1782
500.0,475.0,1333.1846,3420.868,3695.8489,3582.7913,13031.743,10413.52,9538.275,3297.868,20865.395,2243.7466
500.0,475.0,1332.9579,3422.265,3701.3816,3583.1125,13027.967,10412.873,9536.885,3294.2063,20870.533,2246.2007
500.0,475.0,1332.5049,3430.903,3701.854,3589.0398,13035.712,10415.858,9536.969,3303.6343,20869.207,2243.3481
500.0,475.0,1333.3209,3427.595,3699.6152,3587.316,13037.507,10413.442,9541.663,3299.376,20869.049,2244.3928
500.0,475.0,1335.6499,3424.6895,3697.5034,3585.956,13038.204,10415.89,9538.217,3296.0315,20865.998,2244.262
500.0,475.0,1335.1609,3424.0166,3701.0203,3584.5857,13030.878,10415.148,9544.417,3298.6711,20873.205,2242.1802
500.0,475.0,1330.1884,3425.6812,3700.9304,3587.6902,13031.349,10413.071,9538.861,3302.9832,20873.867,2242.159
500.0,475.0,1331.4454,3421.7144,3696.3918,3583.0945,13031.314,10409.789,9540.208,3298.1575,20875.043,2246.9458
500.0,475.0,1330.6165,3427.2354,3697.5107,3583.827,13031.197,10412.094,9535.108,3294.5671,20873.17,2245.1992
500.0,475.0,1329.1016,3423.326,3699.4863,3586.1638,13032.107,10411.161,9545.3545,3297.3218,20869.564,2245.8604
500.0,475.0,1331.9038,3422.449,3696.7488,3582.5493,13030.8545,10412.454,9542.205,3297.2688,20874.732,2241.6038
500.0,575.0,896.7878,1799.106,2141.4067,2369.043,6327.1904,6835.5815,5372.5273,2058.0486,13543.66,1155.1337
500.0,575.0,893.4474,1794.3701,2139.5645,2366.0703,6328.077,6831.556,5376.637,2060.912,13541.831,1157.0719
500.0,575.0,894.8609,1799.5829,2139.0447,2368.4565,6329.203,6833.0557,5375.6787,2058.4668,13543.108,1153.2798
500.0,575.0,896.57623,1795.2855,2135.0842,2367.5479,6328.6123,6829.5317,5375.445,2066.6653,13545.272,1155.8086
500.0,575.0,895.48346,1796.1937,2139.0815,2372.0925,6329.681,6834.705,5371.6655,2061.7004,13547.395,1156.9719
500.0,575.0,897.5171,1797.7507,2139.109,2366.7869,6327.618,6833.4165,5373.9253,2064.0464,13546.458,1155.7242
500.0,575.0,897.8824,1801.3729,2135.5208,2367.514,6329.51,6831.9966,5372.803,2060.9849,13544.601,1158.1256
500.0,575.0,895.97504,1797.3297,2137.5444,2366.2175,6328.2715,6837.1855,5368.8647,2054.8645,13544.12,1148.9313
500.0,575.0,897.8493,1800.4432,2138.2551,2366.103,6332.8516,6831.945,5370.7173,2058.335,13542.122,1154.7543
500.0,575.0,893.0173,1797.3619,2137.5564,2370.1433,6327.5635,6833.313,5372.483,2056.4712,13543.26,1155.7285
500.0,575.0,894.2804,1797.0789,2131.746,2368.0073,6329.8276,6833.2744,5371.801,2059.1343,13543.88,1148.2506
500.0,575.0,895.3232,1798.1835,2137.1372,2367.489,6333.909,6834.4517,5371.289,2061.5823,13538.453,1152.0658
500.0,575.0,897.1669,1795.463,2136.186,2370.3652,6333.7554,6829.3887,5372.9688,2061.914,13540.695,1148.834
500.0,575.0,903.1267,1800.0656,2138.1743,2366.966,6328.5977,6829.845,5371.571,2058.6826,13543.732,1149.2173
500.0,575.0,895.0417,1800.3567,2141.7817,2367.1855,6331.3896,6833.1284,5376.0273,2058.8447,13543.797,1153.6829
500.0,575.0,897.2101,1799.0034,2131.7952,2367.1023,6329.1865,6829.8267,5370.3403,2057.271,13541.594,1154.0334
500.0,575.0,896.5746,1793.0267,2139.7783,2373.526,6329.6333,6832.0664,5377.9756,2057.783,13542.624,1154.8536
500.0,575.0,896.06793,1802.8384,2130.841,2368.4285,6331.1113,6830.492,5373.8315,2058.9482,13541.65,1152.172
500.0,575.0,896.6772,1798.0011,2144.054,2370.3726,6333.533,6836.2793,5373.8984,2060.725,13539.36,1152.343
500.0,575.0,896.7775,1804.1572,2136.8237,2369.598,6330.9766,6830.4604,5372.1133,2049.702,13543.597,1152.1693
500.0,575.0,898.56287,1801.4935,2137.8591,2368.212,6331.0513,6834.799,5375.3086,2067.4287,13543.928,1155.4067
500.0,575.0,894.8415,1800.6362,2137.2246,2368.0527,6328.4443,6826.338,5373.764,2056.6116,13538.44,1151.3682
500.0,575.0,898.77216,1800.9172,2143.5898,2367.5444,6326.0117,6830.496,5376.221,2060.0273,13536.442,1149.5685
500.0,575.0,899.2981,1798.5327,2141.0269,2366.8826,6329.839,6830.1084,5371.849,2060.7593,13542.04,1151.2834
500.0,575.0,892.961,1796.1722,2134.2,2368.6772,6331.088,6829.01,5370.17,2057.4346,13540.997,1155.2556
500.0,575.0,891.5902,1795.1459,2143.4783,2366.0613,6326.7666,6830.6353,5372.706,2063.6816,13540.679,1153.7312
500.0,575.0,898.14453,1801.9419,2138.835,2366.34,6331.395,6825.7593,5378.4966,2060.315,13541.494,1151.3776
500.0,575.0,895.68463,1798.0105,2141.3655,2369.651,6333.004,6831.3804,5373.703,2060.4292,13548.63,1150.3716
500.0,575.0,899.8236,1797.1715,2137.6401,2363.6787,6330.1665,6831.383,5371.7686,2055.8176,13541.215,1153.2365
500.0,575.0,900.945,1799.2762,2136.3438,2367.7065,6333.1997,6831.834,5373.2544,2059.3108,13545.444,1152.1719
600.0,175.0,1008.24243,2390.747,2736.753,2636.9353,9231.681,7755.7705,7233.009,2510.2605,17763.873,1701.0916
600.0,175.0,1006.228,2386.357,2740.9268,2639.9033,9229.884,7758.807,7234.352,2507.8904,17765.541,1698.1812
600.0,175.0,1009.4085,2388.7576,2746.1833,2640.5056,9226.404,7755.886,7233.331,2509.4197,17763.965,1698.7649
600.0,175.0,1007.7041,2388.3423,2735.8716,2642.7163,9226.439,7753.414,7231.694,2510.0134,17763.693,1702.5688
600.0,175.0,1008.9255,2386.825,2738.7427,2638.9927,9227.833,7766.107,7234.907,2511.9875,17759.97,1707.3707
600.0,175.0,1010.78613,2391.6506,2736.0195,2638.668,9233.632,7754.651,7234.0254,2511.3086,17766.248,1698.8682
600.0,175.0,1008.7433,2385.7327,2740.0496,2637.194,9232.848,7758.999,7234.8423,2508.4673,17769.03,1699.7057
600.0,175.0,1006.66736,2390.7354,2741.125,2636.028,9234.221,7752.6445,7232.8813,2506.822,17765.19,1698.2445
600.0,175.0,1012.0425,2390.3994,2740.6616,2638.6597,9231.7,7751.5576,7235.9517,2513.958,17765.828,1700.9419
600.0,175.0,1009.55743,2385.1553,2737.9868,2632.393,9231.541,7756.0884,7234.4067,2511.74,17765.824,1698.4254
600.0,175.0,1007.9246,2393.8494,2745.6208,2641.2297,9227.806,7758.145,7228.501,2510.1533,17765.854,1705.0369
600.0,175.0,1009.70953,2392.917,2740.7915,2637.8357,9228.058,7759.189,7229.0454,2510.7715,17761.6,1699.4023
600.0,175.0,1011.2024,2391.3499,2737.6724,2638.2573,9228.389,7754.2075,7231.996,2513.1716,17764.797,1705.6327
600.0,175.0,1010.7291,2391.0244,2744.755,2637.103,9229.397,7755.7524,7232.513,2513.8975,17765.033,1700.8611
600.0,175.0,1013.60675,2390.751,2742.4653,2636.4482,9224.9,7760.838,7233.281,2508.402,17757.082,1698.9569
600.0,175.0,1009.17676,2389.7224,2740.239,2637.7913,9222.728,7763.0723,7232.564,2511.9993,17761.36,1700.8445
600.0,175.0,1009.5374,2389.5051,2737.9375,2636.7393,9225.573,7753.8916,7235.4004,2504.8752,17770.428,1705.2405
600.0,175.0,1010.8956,2386.2664,2740.4617,2638.6807,9231.529,7755.4834,7238.7593,2511.8367,17762.098,1700.6002
600.0,175.0,1011.37646,2388.2256,2743.3188,2639.014,9228.708,7759.1875,7227.5513,2512.331,17763.477,1704.8547
600.0,175.0,1011.31494,2394.2017,2746.1826,2641.236,9226.519,7755.7954,7233.085,2509.6926,17763.586,1699.2129
600.0,175.0,1009.686,2385.9988,2737.746,2637.0012,9228.794,7756.1426,7231.2217,2508.731,17758.867,1698.6162
600.0,175.0,1009.0635,2389.3345,2744.6191,2638.7627,9226.301,7755.1997,7233.9116,2510.7114,17761.824,1708.1172
600.0,175.0,1006.85754,2387.5833,2739.4995,2633.7915,9233.308,7761.7876,7236.053,2510.9182,17767.693,1705.6033
600.0,175.0,1009.5797,2390.2139,2747.3962,2640.027,9229.24,7753.3467,7231.5684,2510.8076,17766.176,1703.0457
600.0,175.0,1010.85,2385.6255,2741.6914,2637.8013,9227.516,7756.4478,7232.1333,2513.9568,17758.56,1696.5002
600.0,175.0,1011.3005,2391.7546,2740.4412,2636.5059,9226.956,7760.17,7231.887,2508.521,17762.06,1699.3796
600.0,175.0,1011.89136,2390.8633,2743.0127,2637.172,9233.017,7754.2495,7234.502,2506.4636,17763.473,1700.2369
600.0,175.0,1010.5481,2386.3745,2739.7354,2641.112,9231.808,7755.2593,7235.241,2508.5872,17762.61,1702.3354
600.0,175.0,1012.6798,2391.2202,2739.762,2641.311,9226.412,7757.459,7232.9497,2508.574,17762.453,1706.5969
600.0,175.0,1006.02856,2385.6006,2742.7527,2646.2007,9226.4,7757.884,7231.6924,2506.7034,17765.408,1703.7994
600.0,275.0,1556.2715,3381.2273,3881.8816,4325.7153,12623.485,12552.821,10347.212,3269.0164,27324.773,2266.1428
600.0,275.0,1550.3278,3373.631,3886.8105,4320.907,12625.706,12549.475,10346.435,3266.514,27323.361,2262.8062
600.0,275.0,1552.529,3376.6106,3886.8796,4323.971,12629.855,12545.744,10345.141,3263.1528,27322.018,2262.6414
600.0,275.0,1553.5386,3378.698,3889.1091,4322.9575,12624.06,12544.314,10348.434,3265.3574,27324.602,2262.6804
600.0,275.0,1554.9617,3378.9731,3886.0583,4323.3022,12626.4795,12550.636,10352.4795,3268.7205,27323.016,2264.1665
600.0,275.0,1555.3029,3377.9905,3885.4182,4321.235,12625.318,12552.091,10346.971,3267.9502,27322.164,2261.472
600.0,275.0,1554.3777,3375.4624,3884.3967,4326.926,12619.153,12554.133,10344.642,3267.006,27323.324,2264.2334
600.0,275.0,1555.1609,3381.423,3887.1917,4326.73,12625.525,12551.9,10350.558,3259.6035,27322.525,2264.6494
600.0,275.0,1553.3241,3377.6646,3886.161,4321.122,12625.492,12548.013,10340.244,3262.343,27319.195,2264.0598
600.0,275.0,1555.8586,3375.3882,3886.9802,4321.449,12623.761,12546.153,10353.329,3264.3755,27327.434,2268.877
600.0,275.0,1556.2863,3373.6892,3889.2427,4323.485,12626.521,12550.523,10353.58,3268.225,27321.572,2261.9639
600.0,275.0,1557.6195,3371.0571,3882.6135,4321.581,12631.417,12552.55,10347.581,3262.6548,27322.416,2263.147
600.0,275.0,1558.2192,3376.712,3881.794,4324.061,12631.612,12545.384,10343.697,3264.2512,27324.7,2263.8787
600.0,275.0,1554.2888,3377.5352,3886.4329,4324.4316,12630.753,12545.743,10346.955,3269.2742,27318.523,2261.794
600.0,275.0,1555.1777,3375.1763,3881.7688,4322.0215,12626.368,12547.281,10353.918,3264.9539,27318.932,2263.2974
600.0,275.0,1558.029,3378.0686,3883.415,4320.3066,12627.61,12549.465,10353.706,3266.4595,27322.64,2262.7327
600.0,275.0,1550.5363,3375.7576,3887.8757,4322.49,12625.309,12548.999,10350.686,3264.9048,27328.375,2262.957
600.0,275.0,1555.9277,3378.4348,3880.6233,4319.307,12625.257,12544.214,10350.245,3262.1257,27324.303,2260.7664
600.0,275.0,1553.6543,3377.5645,3883.257,4322.4526,12630.072,12548.932,10352.618,3270.6091,27319.713,2264.0325
600.0,275.0,1550.1266,3376.3613,3881.7012,4328.2617,12626.694,12542.967,10348.236,3263.31,27319.412,2263.0786
600.0,275.0,1553.6985,3373.2231,3886.2007,4324.7764,12628.959,12548.099,10353.21,3268.639,27323.076,2266.9314
600.0,275.0,1557.4957,3375.2644,3890.108,4320.497,12627.694,12550.792,10353.494,3268.0007,27318.537,2260.777
600.0,275.0,1555.3557,3376.8567,3881.5972,4323.6704,12624.656,12543.966,10350.029,3262.1655,27325.02,2266.445
600.0,275.0,1556.4612,3376.1006,3885.9238,4325.472,12625.34,12547.244,10350.956,3267.3047,27318.426,2269.8445
600.0,275.0,1553.7075,3378.5625,3879.399,4321.9688,12622.083,12547.678,10351.63,3265.8782,27328.717,2263.6165
600.0,275.0,1554.8939,3379.0557,3885.5166,4324.194,12623.426,12545.446,10353.768,3263.1804,27325.33,2261.0378
600.0,275.0,1552.1091,3373.3042,3883.878,4325.9546,12625.72,12546.388,10351.728,3265.4202,27322.42,2267.9045
600.0,275.0,1556.8258,3380.1484,3883.832,4324.6304,12626.062,12546.803,10350.846,3270.8188,27320.84,2266.0525
600.0,275.0,1555.8663,3379.6045,3888.4138,4323.071,12629.446,12545.94,10351.259,3265.5203,27328.076,2261.394
600.0,275.0,1556.9985,3373.691,3883.0425,4321.8228,12621.726,12548.852,10349.585,3263.3967,27322.62,2265.875
600.0,375.0,1416.9088,3260.1145,3903.8757,4264.604,11778.226,11508.976,9422.226,3292.1504,22999.477,2111.6992
600.0,375.0,1416.1637,3256.5535,3903.2097,4266.505,11776.212,11510.413,9422.923,3286.4343,23004.248,2105.3787
600.0,375.0,1414.232,3262.382,3905.0234,4260.9165,11776.095,11508.657,9418.675,3297.673,23005.836,2109.6196
600.0,375.0,1416.001,3260.0251,3908.0923,4263.763,11783.623,11512.254,9423.882,3293.7727,23006.96,2112.0823
600.0,375.0,1418.957,3264.7383,3907.324,4267.3003,11778.313,11501.9795,9413.153,3286.615,23003.215,2112.9807
600.0,375.0,1417.8475,3264.4536,3909.7888,4261.8096,11780.105,11508.364,9421.072,3293.503,23005.957,2107.6514
600.0,375.0,1413.876,3262.8276,3903.813,4262.049,11777.089,11508.561,9422.617,3294.2542,23004.068,2109.1501
600.0,375.0,1410.43,3262.289,3909.0068,4262.907,11778.289,11510.393,9417.105,3288.6506,23006.457,2107.847
600.0,375.0,1416.3959,3262.8406,3907.5916,4266.271,11776.508,11513.635,9421.402,3289.5876,23002.709,2108.4795
600.0,375.0,1417.5234,3259.2651,3907.4429,4267.37,11778.174,11507.556,9417.247,3295.7898,23007.324,2107.9404
600.0,375.0,1417.2106,3265.0498,3909.481,4260.3647,11778.361,11511.691,9418.759,3292.8303,23005.375,2110.393
600.0,375.0,1417.1176,3262.4045,3910.264,4263.5063,11776.197,11511.103,9421.071,3289.8337,23006.332,2109.574
600.0,375.0,1417.4948,3265.5518,3905.7603,4264.047,11771.934,11511.455,9422.717,3294.9758,23007.402,2109.3218
600.0,375.0,1412.9307,3263.3281,3905.976,4263.7593,11777.907,11507.53,9416.972,3289.2634,23005.332,2112.4653
600.0,375.0,1413.2233,3264.0386,3900.266,4259.704,11776.535,11507.444,9416.367,3290.3782,23004.139,2107.5417
600.0,375.0,1416.919,3261.3423,3903.5518,4261.2124,11779.895,11511.843,9419.952,3290.782,23005.613,2108.4673
600.0,375.0,1413.1318,3260.1787,3909.7893,4262.3433,11776.506,11510.563,9417.028,3296.7307,23007.713,2107.854
600.0,375.0,1420.172,3266.804,3904.5388,4264.4717,11774.549,11512.432,9421.072,3285.5884,23008.783,2106.2563
600.0,375.0,1417.9388,3262.342,3905.5122,4262.8525,11774.396,11509.831,9417.381,3295.7534,23011.723,2109.5742
600.0,375.0,1415.7637,3256.5708,3903.6616,4265.9136,11776.582,11508.194,9422.85,3294.3306,23013.73,2107.653
600.0,375.0,1413.4463,3268.8613,3905.5225,4261.5645,11777.723,11508.078,9419.929,3296.495,23005.873,2109.7349
600.0,375.0,1415.8994,3261.4265,3902.849,4262.934,11776.398,11515.694,9421.975,3292.3047,23006.312,2109.0193
600.0,375.0,1417.4817,3260.4038,3906.4248,4263.1943,11782.154,11508.372,9416.553,3289.036,23007.305,2105.7363
600.0,375.0,1415.8346,3260.4778,3909.3499,4266.882,11777.661,11507.632,9415.759,3291.9722,23007.48,2109.5613
600.0,375.0,1412.434,3262.0674,3909.0212,4263.555,11779.771,11510.276,9417.12,3287.8247,23004.373,2105.0427
600.0,375.0,1419.4052,3262.7173,3902.2876,4259.8345,11778.4,11506.739,9417.955,3289.4685,23007.893,2106.6099
600.0,375.0,1417.5225,3261.946,3903.8125,4263.8364,11773.933,11504.829,9415.188,3293.1758,23003.666,2108.777
600.0,375.0,1414.7701,3257.3691,3909.5789,4263.066,11779.481,11516.61,9416.595,3292.7688,23005.46,2108.3088
600.0,375.0,1415.8319,3256.8435,3906.6028,4268.975,11778.711,11506.5625,9423.506,3290.6584,23002.475,2106.4883
600.0,375.0,1417.6636,3259.7173,3905.0063,4263.4434,11773.348,11509.128,9418.608,3294.3052,23009.467,2108.6272
600.0,475.0,1358.2751,3099.4578,3588.6755,3739.4006,11448.643,10685.91,9115.011,3122.4204,22130.654,3611.456
600.0,475.0,1357.7983,3103.6387,3583.5637,3738.209,11450.96,10688.869,9111.897,3116.8115,22131.592,3613.8904
600.0,475.0,1361.3783,3102.192,3584.0505,3740.0254,11446.477,10687.789,9106.921,3119.822,22133.926,3612.6802
600.0,475.0,1361.8385,3100.285,3585.197,3742.8914,11452.449,10687.286,9112.397,3114.448,22127.936,3617.008
600.0,475.0,1357.684,3097.3901,3586.7373,3740.0266,11452.243,10692.045,9108.691,3116.5088,22129.91,3615.6367
600.0,475.0,1362.0608,3099.2988,3589.7014,3740.819,11447.417,10687.568,9113.785,3121.175,22131.305,3614.7505
600.0,475.0,1355.7704,3107.9602,3582.3044,3739.5774,11447.8545,10685.671,9106.832,3116.1687,22129.842,3611.2476
600.0,475.0,1358.2129,3104.1614,3587.2012,3738.9165,11450.008,10687.129,9111.625,3118.742,22128.754,3612.058
600.0,475.0,1356.919,3102.7654,3586.518,3739.3674,11451.551,10688.264,9110.187,3114.381,22135.516,3615.2334
600.0,475.0,1358.1055,3102.6245,3588.2087,3741.8772,11445.491,10686.905,9110.651,3115.9812,22135.145,3614.3088
600.0,475.0,1358.7422,3097.8613,3589.0027,3742.9915,11448.043,10690.136,9109.945,3122.203,22127.912,3617.4124
600.0,475.0,1355.0674,3094.3718,3584.801,3744.7634,11447.906,10686.801,9105.896,3117.8657,22131.393,3613.8916
600.0,475.0,1360.2152,3105.0376,3582.704,3740.696,11445.411,10686.448,9107.587,3118.8906,22130.217,3614.2646
600.0,475.0,1359.8549,3100.7776,3585.661,3740.2847,11448.294,10689.058,9108.415,3117.015,22133.639,3616.0945
600.0,475.0,1356.5101,3104.0735,3585.9746,3741.3984,11451.927,10689.506,9110.262,3118.6094,22128.092,3615.9119
600.0,475.0,1359.3048,3098.2915,3584.9226,3742.7712,11449.748,10691.259,9114.241,3119.6453,22125.055,3612.6038
600.0,475.0,1359.4366,3101.0188,3582.9004,3742.5615,11446.231,10687.467,9113.73,3116.6816,22136.598,3611.6265
600.0,475.0,1356.9889,3103.0967,3583.1301,3741.7761,11449.9795,10689.929,9112.777,3120.2168,22127.652,3614.8232
600.0,475.0,1358.0549,3105.2383,3582.2793,3741.5464,11452.381,10689.1455,9110.707,3118.994,22126.229,3616.4736
600.0,475.0,1359.6366,3105.68,3582.6243,3739.7905,11451.311,10692.374,9108.758,3119.4785,22130.76,3613.122
600.0,475.0,1361.4257,3101.0288,3584.757,3745.2583,11453.001,10693.072,9110.903,3120.215,22133.191,3615.3577
600.0,475.0,1359.9404,3106.4993,3587.8281,3743.7554,11448.245,10690.802,9111.174,3122.1074,22129.887,3617.763
600.0,475.0,1361.8328,3101.6877,3585.198,3738.2979,11444.114,10689.052,9109.362,3116.4937,22132.623,3613.326
600.0,475.0,1362.069,3111.3472,3581.8447,3741.5369,11450.14,10692.068,9110.875,3120.3318,22128.486,3614.1553
600.0,475.0,1361.4227,3100.9663,3582.695,3739.9255,11454.908,10687.929,9109.281,3117.6523,22130.057,3617.2393
600.0,475.0,1361.6447,3103.042,3595.8193,3739.2378,11445.84,10687.466,9107.666,3124.6526,22129.672,3611.8623
600.0,475.0,1356.0732,3101.947,3588.2034,3742.4495,11453.7,10687.094,9110.256,3118.2263,22128.525,3614.1626
600.0,475.0,1355.9703,3103.6814,3586.2864,3743.1,11452.395,10687.202,9109.868,3121.7979,22136.133,3612.2048
600.0,475.0,1360.0149,3099.0662,3585.7825,3738.4268,11446.88,10687.971,9110.163,3117.8093,22132.01,3611.6921
600.0,475.0,1359.7455,3104.6409,3583.7788,3741.8123,11444.039,10690.731,9108.788,3120.2566,22126.955,3613.2002
600.0,575.0,893.6569,2217.9675,2589.074,2575.3796,8171.568,7652.611,6166.776,2354.7935,13852.177,1287.6073
600.0,575.0,895.0169,2221.9275,2584.409,2577.5955,8176.031,7650.219,6166.461,2354.4797,13855.599,1286.0844
600.0,575.0,891.19135,2221.4658,2590.2446,2574.6157,8172.345,7648.547,6167.0747,2352.6113,13857.251,1291.0812
600.0,575.0,891.51855,2216.4094,2594.8284,2572.6907,8174.9404,7653.7524,6165.738,2349.5105,13852.569,1287.4368
600.0,575.0,893.9208,2221.6846,2584.303,2580.5203,8172.158,7650.3047,6162.624,2353.5947,13855.758,1289.1553
600.0,575.0,893.97424,2216.4639,2590.2786,2578.72,8176.075,7649.326,6164.9316,2354.901,13854.404,1291.2968
600.0,575.0,893.96814,2221.4207,2592.3582,2575.405,8172.8774,7652.9517,6163.437,2354.7832,13855.296,1289.6398
600.0,575.0,888.99115,2219.2993,2596.3848,2578.55,8175.8438,7651.2485,6167.0537,2350.214,13848.155,1288.6935
600.0,575.0,893.17126,2220.9746,2590.8098,2572.4485,8174.0703,7655.339,6166.921,2352.7283,13853.025,1284.7124
600.0,575.0,891.8294,2214.0369,2592.4932,2576.001,8172.1694,7653.317,6166.6865,2355.013,13851.954,1287.3877
600.0,575.0,895.36926,2218.9243,2590.925,2579.3972,8167.9805,7646.177,6166.581,2355.9673,13855.135,1291.0925
600.0,575.0,893.65265,2218.8176,2592.8896,2573.2683,8175.4834,7652.887,6162.9976,2348.612,13854.176,1286.8678
600.0,575.0,895.00793,2222.6423,2587.346,2577.3303,8175.676,7648.903,6166.0557,2357.9937,13856.492,1289.4592
600.0,575.0,891.66656,2218.7886,2588.6753,2575.348,8171.1577,7650.0215,6161.433,2349.4697,13855.223,1285.8806
600.0,575.0,890.88544,2218.4575,2591.2544,2578.8508,8170.0522,7649.0103,6165.38,2359.02,13854.985,1287.8092
600.0,575.0,892.9988,2220.0676,2592.8337,2575.0789,8170.0244,7652.266,6165.377,2352.5378,13861.814,1285.4916
600.0,575.0,890.3806,2222.551,2587.2612,2577.3733,8174.1006,7654.0747,6167.2114,2354.235,13847.515,1288.4031
600.0,575.0,894.3029,2221.1785,2593.186,2576.254,8174.5293,7652.0176,6166.5195,2353.281,13852.785,1285.4797
600.0,575.0,894.46875,2217.5078,2592.6975,2575.1663,8170.0913,7656.5337,6161.55,2353.8442,13850.998,1285.1948
600.0,575.0,892.24426,2223.5254,2590.1238,2581.2434,8169.392,7648.241,6164.3877,2351.784,13856.514,1285.7865
600.0,575.0,891.5791,2220.171,2585.27,2578.1357,8168.02,7649.54,6160.0225,2353.7632,13853.46,1288.4739
600.0,575.0,891.5981,2220.7546,2591.2676,2580.0447,8171.6655,7651.8267,6167.7544,2351.417,13852.036,1291.0697
600.0,575.0,893.64703,2223.2073,2589.824,2577.8015,8177.2046,7651.336,6161.858,2351.4666,13856.051,1284.3335
600.0,575.0,895.94025,2220.938,2583.4216,2580.2234,8169.02,7653.216,6165.804,2350.6926,13853.071,1290.446
600.0,575.0,893.66327,2211.692,2589.452,2575.95,8174.056,7652.325,6165.196,2350.0166,13851.235,1286.6526
600.0,575.0,890.3125,2216.514,2596.5105,2574.083,8171.178,7652.453,6162.0283,2355.5996,13852.597,1288.2197
600.0,575.0,890.6277,2222.3743,2594.5105,2579.8716,8173.701,7652.8213,6162.352,2352.8276,13854.725,1287.6268
600.0,575.0,892.1351,2221.2131,2596.3267,2577.3223,8179.798,7652.8823,6162.5522,2350.5454,13857.123,1291.3091
600.0,575.0,890.5371,2221.207,2591.8457,2577.8496,8175.0396,7651.4414,6161.3535,2352.1765,13858.572,1289.0964
600.0,575.0,891.5169,2219.0598,2590.5898,2577.017,8167.988,7648.708,6165.2495,2356.3525,13856.463,1284.8004
700.0,175.0,829.1653,1816.4545,2109.3628,2075.535,7041.7866,6110.9565,5605.2124,2005.9939,14065.657,1470.524
700.0,175.0,825.3262,1815.819,2104.109,2073.266,7035.201,6106.388,5601.1167,2002.8608,14067.952,1467.5615
700.0,175.0,828.45483,1820.8047,2107.728,2073.058,7038.9336,6106.838,5598.6694,2006.6636,14065.093,1468.5045
700.0,175.0,827.37695,1823.9485,2101.7295,2074.6106,7036.2554,6108.1553,5599.1924,2006.5187,14067.815,1467.8085
700.0,175.0,827.20526,1815.7607,2109.5122,2073.0085,7039.8105,6105.7124,5599.605,1999.4852,14071.438,1465.3632
700.0,175.0,829.3925,1822.8613,2103.8342,2071.3206,7041.144,6107.8193,5602.1562,2003.5183,14076.076,1470.7323
700.0,175.0,826.4877,1819.6348,2108.797,2078.2043,7034.3823,6110.429,5601.194,2002.5615,14068.487,1469.5131
700.0,175.0,822.8068,1826.1487,2107.99,2074.5999,7039.247,6109.4053,5599.5454,2003.876,14068.5,1468.2751
700.0,175.0,822.36426,1821.9393,2110.3567,2072.268,7038.764,6107.9336,5603.364,2001.9889,14061.325,1468.9702
700.0,175.0,826.1069,1823.655,2109.934,2070.8704,7036.027,6108.5806,5603.8496,2003.3568,14065.557,1468.9506
700.0,175.0,828.1496,1822.2699,2101.418,2068.1775,7039.011,6109.8228,5602.367,2009.2261,14066.912,1466.814
700.0,175.0,831.1578,1822.3535,2106.0327,2071.5066,7036.167,6109.371,5602.887,1999.5919,14066.387,1466.4457
700.0,175.0,824.6187,1818.9171,2108.9548,2071.9705,7034.321,6109.83,5598.4443,1999.7716,14070.035,1472.11
700.0,175.0,824.801,1818.2534,2101.8938,2073.28,7036.1597,6107.829,5606.033,2003.58,14066.134,1465.7974
700.0,175.0,829.85364,1821.8387,2106.824,2077.159,7032.651,6108.687,5598.647,2006.0103,14069.189,1470.1263
700.0,175.0,826.1472,1817.6405,2105.057,2072.5266,7038.132,6105.386,5601.199,2004.3729,14074.023,1467.945
700.0,175.0,826.3702,1816.1447,2104.2012,2075.429,7037.404,6111.971,5597.3555,2001.0244,14066.395,1468.2152
700.0,175.0,825.4683,1819.8671,2106.4673,2070.5996,7039.4946,6104.4253,5607.5737,2006.4407,14061.971,1471.691
700.0,175.0,827.17584,1817.8228,2105.3076,2072.4023,7034.4473,6104.506,5598.462,2002.9645,14064.184,1462.8064
700.0,175.0,825.52094,1819.6141,2106.7034,2073.6418,7038.933,6106.537,5600.44,2002.0999,14067.561,1470.4636
700.0,175.0,824.0099,1820.0616,2102.2375,2070.9536,7035.7607,6108.3936,5603.4004,2001.778,14068.6045,1466.3859
700.0,175.0,824.0472,1818.612,2110.8696,2072.0813,7035.5547,6111.9707,5605.1934,2005.6038,14067.4795,1468.1721
700.0,175.0,826.6415,1823.7875,2108.8916,2073.5417,7035.2534,6103.7373,5595.995,2005.0986,14067.204,1466.6271
700.0,175.0,826.17706,1823.896,2107.3862,2075.0952,7041.2695,6109.2085,5603.1772,2004.8878,14063.312,1466.6715
700.0,175.0,822.76965,1818.0674,2105.4927,2071.6792,7038.958,6111.6636,5601.8,2004.6908,14066.627,1465.1085
700.0,175.0,826.85614,1820.4502,2103.2383,2071.977,7037.883,6108.2793,5605.412,1998.932,14065.448,1468.3549
700.0,175.0,829.84656,1820.3755,2113.721,2075.0994,7038.9263,6108.496,5601.3633,2001.5878,14064.639,1465.1967
700.0,175.0,829.298,1817.3107,2104.1104,2077.9023,7040.6123,6107.265,5605.335,2007.6102,14065.028,1466.8634
700.0,175.0,826.07855,1817.8778,2104.0657,2072.9338,7037.4097,6110.763,5605.79,2007.991,14064.427,1474.2571
700.0,175.0,831.4579,1823.0112,2104.5923,2072.3176,7035.702,6109.7217,5606.596,2003.754,14064.683,1465.5223
700.0,275.0,1088.9812,2151.2793,2576.8274,2845.8472,8105.5376,8550.503,6971.432,2396.3591,18778.73,1634.9767
700.0,275.0,1086.4957,2157.4233,2577.7207,2845.0498,8099.973,8551.72,6965.722,2402.5254,18776.637,1637.9839
700.0,275.0,1092.0938,2155.1658,2575.034,2844.25,8101.4478,8547.691,6963.264,2402.3352,18775.48,1630.2361
700.0,275.0,1086.7966,2154.0696,2573.8171,2845.161,8101.4585,8552.652,6967.4443,2395.895,18780.344,1635.9343
700.0,275.0,1090.7415,2157.609,2577.165,2844.3948,8104.1045,8549.728,6965.577,2400.9624,18774.96,1638.4888
700.0,275.0,1087.1039,2154.618,2579.1748,2845.1438,8105.565,8550.44,6963.971,2401.0596,18776.791,1631.3175
700.0,275.0,1089.778,2151.8088,2579.38,2846.2468,8096.6265,8546.884,6966.745,2400.833,18770.27,1632.1178
700.0,275.0,1090.963,2154.9656,2576.9368,2847.3357,8104.1426,8549.985,6967.5596,2402.3713,18774.93,1632.9883
700.0,275.0,1087.3182,2155.9558,2582.2683,2843.3289,8098.986,8547.489,6968.5103,2399.5054,18773.59,1632.398
700.0,275.0,1088.6569,2154.7288,2579.819,2845.6633,8105.277,8546.861,6965.9434,2400.318,18776.068,1633.0596
700.0,275.0,1088.4084,2153.6619,2580.3123,2844.6904,8095.9106,8546.184,6962.4224,2400.1619,18772.553,1634.1719
700.0,275.0,1086.7178,2154.411,2575.9846,2844.655,8100.2046,8548.464,6967.733,2396.339,18772.754,1630.1608
700.0,275.0,1088.5785,2158.2427,2575.6555,2844.3894,8107.4414,8551.25,6966.2573,2402.9282,18773.15,1634.394
700.0,275.0,1092.8004,2157.7937,2575.9521,2847.027,8101.164,8551.187,6968.4565,2399.606,18769.318,1632.9463
700.0,275.0,1088.4343,2151.9568,2578.9458,2847.8745,8101.431,8554.455,6965.062,2396.9387,18777.406,1637.4015
700.0,275.0,1085.1841,2157.0745,2570.8542,2848.8887,8103.14,8548.356,6969.0566,2400.9749,18776.441,1633.228
700.0,275.0,1091.0563,2158.3308,2576.2964,2844.7227,8103.633,8550.784,6964.735,2407.8997,18781.533,1630.9248
700.0,275.0,1089.3047,2157.4443,2574.1008,2841.0652,8104.431,8552.63,6963.0913,2400.5447,18775.3,1633.8494
700.0,275.0,1086.4626,2156.9028,2574.1155,2844.9353,8105.9854,8559.607,6965.638,2402.2688,18772.305,1631.2207
700.0,275.0,1086.1302,2153.9922,2580.4438,2847.8594,8101.311,8547.226,6967.401,2395.7285,18780.244,1632.7727
700.0,275.0,1089.9829,2153.8403,2576.4756,2845.108,8102.4336,8550.652,6962.616,2398.3398,18774.588,1639.3529
700.0,275.0,1092.0626,2155.1729,2575.4414,2848.0,8102.5674,8547.71,6965.1084,2399.3098,18770.73,1632.499
700.0,275.0,1092.3553,2160.7517,2579.5576,2847.5315,8102.7393,8551.176,6970.661,2400.4817,18778.12,1630.1726
700.0,275.0,1087.6149,2157.8882,2575.734,2846.1362,8099.645,8548.75,6967.068,2404.32,18776.648,1634.6528
700.0,275.0,1088.7258,2154.5427,2571.7522,2842.2979,8096.308,8551.131,6967.5283,2398.7202,18771.088,1636.1045
700.0,275.0,1088.5133,2160.058,2574.292,2847.494,8100.944,8544.852,6959.6274,2397.179,18774.695,1635.9886
700.0,275.0,1084.7384,2151.598,2573.9897,2847.157,8104.8857,8552.853,6967.286,2402.4866,18773.602,1631.7318
700.0,275.0,1092.2621,2157.5068,2581.6062,2843.6155,8106.479,8545.865,6965.4517,2400.374,18778.232,1635.6997
700.0,275.0,1087.6804,2156.517,2577.135,2841.3997,8099.338,8548.416,6969.4624,2399.8706,18774.346,1629.0858
700.0,275.0,1086.9619,2160.8193,2580.2793,2842.0547,8098.745,8551.477,6964.7324,2398.637,18766.682,1633.2775
700.0,375.0,1269.7974,2729.2842,3243.0208,3432.492,10032.76,10023.4795,8222.297,3067.3242,19269.879,1734.9291
700.0,375.0,1271.3287,2726.2383,3241.6511,3432.0107,10031.076,10024.432,8220.748,3062.759,19265.422,1737.0145
700.0,375.0,1270.1641,2728.662,3242.5376,3432.9873,10028.87,10025.579,8219.264,3063.198,19268.268,1739.3141
700.0,375.0,1265.9684,2730.419,3243.6577,3431.773,10032.403,10023.566,8223.2,3058.4753,19263.0,1735.2682
700.0,375.0,1268.203,2725.3027,3246.0496,3434.1655,10032.259,10023.395,8217.656,3063.771,19264.412,1737.8337
700.0,375.0,1269.799,2727.4365,3240.5938,3436.2117,10037.084,10025.013,8220.081,3062.362,19268.604,1732.7114
700.0,375.0,1272.6008,2721.3962,3242.2056,3430.529,10032.523,10024.364,8221.146,3060.8928,19261.537,1739.374
700.0,375.0,1269.1918,2726.4102,3246.46,3432.466,10028.8545,10027.328,8215.543,3068.3281,19265.47,1741.8495
700.0,375.0,1268.3533,2730.2031,3242.4102,3435.2493,10030.574,10023.792,8219.122,3069.1594,19264.16,1739.9088
700.0,375.0,1272.342,2727.516,3240.5134,3431.415,10033.39,10022.083,8217.273,3061.6375,19260.18,1736.0442
700.0,375.0,1268.1439,2729.2473,3239.7476,3434.2332,10029.136,10025.123,8219.865,3065.0547,19260.441,1736.3646
700.0,375.0,1268.1184,2726.0703,3241.809,3429.431,10036.9375,10020.772,8216.668,3057.6663,19264.29,1738.7408
700.0,375.0,1271.88,2728.6072,3246.097,3430.93,10032.933,10023.835,8220.885,3064.314,19262.28,1739.2847
700.0,375.0,1271.3875,2727.9556,3245.7998,3433.442,10031.876,10024.327,8217.749,3067.837,19262.963,1736.716
700.0,375.0,1267.6396,2727.5474,3240.173,3429.0466,10033.054,10026.958,8220.615,3064.7078,19269.371,1734.6787
700.0,375.0,1271.2919,2726.5286,3242.9934,3433.463,10033.089,10024.756,8221.774,3059.6335,19269.62,1740.4858
700.0,375.0,1273.1289,2729.044,3245.2063,3434.9016,10026.177,10026.282,8220.608,3063.514,19266.703,1741.3854
700.0,375.0,1266.9624,2727.138,3238.5757,3432.3394,10032.516,10021.618,8220.702,3060.6184,19271.363,1741.7198
700.0,375.0,1270.8676,2727.906,3246.308,3434.4734,10028.423,10025.631,8217.607,3066.8723,19264.812,1737.9143
700.0,375.0,1269.9272,2726.2537,3240.0083,3433.3157,10032.911,10022.646,8220.706,3060.7324,19261.88,1739.8259
700.0,375.0,1270.0104,2720.76,3239.5874,3432.29,10026.131,10023.684,8226.383,3058.5435,19262.281,1738.5763
700.0,375.0,1270.306,2728.5115,3244.5122,3434.6294,10029.414,10026.764,8221.26,3062.7705,19262.861,1735.8673
700.0,375.0,1270.9105,2724.406,3242.445,3428.79,10037.204,10022.471,8218.177,3065.0876,19265.295,1741.0215
700.0,375.0,1268.9064,2724.4688,3242.2246,3431.1116,10032.983,10025.7705,8222.202,3064.8057,19267.197,1737.7356
700.0,375.0,1268.2081,2723.8962,3243.4656,3432.5608,10029.252,10024.859,8220.828,3060.6394,19264.258,1734.572
700.0,375.0,1267.7777,2728.3015,3243.2053,3430.4373,10028.839,10025.915,8212.5205,3067.157,19268.646,1737.0881
700.0,375.0,1275.6478,2721.428,3241.8145,3435.627,10033.439,10025.004,8224.275,3060.7092,19262.367,1738.7457
700.0,375.0,1272.1456,2729.3047,3241.3577,3431.601,10031.292,10021.438,8218.639,3058.3337,19262.15,1735.5165
700.0,375.0,1268.9232,2723.9182,3239.3552,3432.7783,10031.224,10025.718,8219.482,3059.9915,19263.53,1739.9141
700.0,375.0,1267.6888,2726.2166,3241.8738,3432.597,10028.826,10027.201,8217.447,3064.115,19262.932,1738.932
700.0,475.0,1383.5476,3082.097,3590.0576,3877.9277,11174.245,10892.139,9252.099,3056.1304,23650.172,3476.559
700.0,475.0,1384.102,3086.9207,3592.0125,3880.6843,11172.205,10891.3545,9253.161,3058.0483,23654.215,3472.7112
700.0,475.0,1386.0656,3089.011,3591.7175,3875.327,11176.5625,10887.834,9244.292,3054.6401,23652.812,3470.9438
700.0,475.0,1379.0437,3086.4736,3586.83,3876.3862,11171.266,10885.904,9250.36,3053.9902,23649.334,3473.474
700.0,475.0,1384.555,3085.3127,3587.8552,3877.1753,11169.561,10891.278,9254.241,3056.9773,23655.049,3470.2786
700.0,475.0,1382.71,3092.0437,3590.2678,3874.2808,11174.134,10892.042,9253.63,3060.4634,23653.344,3472.1033
700.0,475.0,1381.3987,3092.8054,3586.1196,3882.054,11176.328,10886.617,9249.458,3056.7659,23651.238,3467.6636
700.0,475.0,1383.3981,3088.5247,3588.511,3877.4307,11173.23,10889.105,9254.78,3059.6377,23647.76,3475.4067
700.0,475.0,1382.5609,3092.3823,3593.3333,3875.253,11167.077,10890.575,9251.049,3061.7222,23651.4,3469.3398
700.0,475.0,1382.1849,3082.8765,3593.57,3875.831,11173.15,10891.219,9254.928,3058.6958,23652.828,3475.232
700.0,475.0,1381.815,3089.9739,3589.3271,3875.9148,11168.54,10888.364,9251.652,3055.5251,23652.598,3472.3179
700.0,475.0,1381.8873,3090.9392,3592.4563,3875.701,11175.131,10892.5625,9251.571,3057.7898,23650.746,3476.5059
700.0,475.0,1386.1296,3090.3074,3590.5713,3880.8787,11171.706,10887.412,9247.511,3061.0752,23648.094,3472.5337
700.0,475.0,1384.4602,3089.6262,3589.456,3879.3872,11175.471,10894.169,9252.978,3057.6064,23644.57,3476.983
700.0,475.0,1379.2666,3087.3328,3585.4932,3878.1772,11165.705,10887.415,9251.435,3059.2092,23652.6,3478.078
700.0,475.0,1386.0977,3091.7852,3587.8862,3869.8364,11175.055,10890.749,9252.822,3055.8582,23649.18,3472.08
700.0,475.0,1380.9426,3085.3093,3596.2258,3878.1304,11173.513,10888.91,9256.174,3059.7205,23656.2,3469.6096
700.0,475.0,1381.5361,3088.9683,3593.9788,3873.318,11173.219,10890.743,9250.755,3061.6628,23650.488,3475.3157
700.0,475.0,1380.9113,3086.5928,3589.4785,3875.8691,11170.456,10893.499,9252.376,3055.7766,23658.693,3473.8096
700.0,475.0,1383.6356,3088.902,3591.3635,3874.8718,11171.582,10885.167,9252.704,3060.3042,23650.234,3473.7522
700.0,475.0,1381.2374,3087.707,3592.6145,3880.0667,11172.0,10889.533,9251.421,3058.0503,23648.848,3469.6377
700.0,475.0,1383.8855,3086.763,3591.5686,3874.1875,11169.425,10892.267,9252.258,3062.1426,23647.246,3473.0977
700.0,475.0,1384.6129,3091.1824,3592.4863,3878.4128,11170.705,10888.142,9257.294,3057.4429,23648.81,3475.9253
700.0,475.0,1380.3016,3092.6846,3593.514,3881.4116,11168.86,10887.095,9251.963,3059.4133,23650.496,3475.8726
700.0,475.0,1384.2753,3086.9133,3588.2988,3876.5884,11172.112,10889.169,9251.128,3055.4395,23649.873,3473.681
700.0,475.0,1383.3623,3086.3013,3587.3574,3880.5122,11170.234,10890.106,9253.941,3062.2922,23649.105,3474.4243
700.0,475.0,1381.129,3088.6912,3591.6704,3875.3696,11172.237,10891.303,9248.022,3058.0886,23650.566,3473.5493
700.0,475.0,1382.5538,3087.8325,3588.7673,3877.7473,11172.769,10890.886,9249.523,3059.378,23653.832,3473.2112
700.0,475.0,1384.0288,3091.6072,3586.0593,3878.2578,11172.567,10888.114,9250.405,3060.2573,23651.521,3474.3481
700.0,475.0,1385.5828,3083.1934,3590.59,3878.1367,11169.091,10893.58,9251.36,3060.921,23654.4,3473.954
700.0,575.0,989.53613,2811.869,3247.8906,3047.7786,10804.85,9131.771,7824.537,2794.9668,15507.484,1561.6895
700.0,575.0,993.20276,2815.151,3247.9414,3043.3599,10804.497,9129.296,7823.6855,2799.0786,15502.142,1558.2786
700.0,575.0,990.5535,2815.5198,3245.179,3046.396,10810.089,9131.779,7818.0005,2796.7373,15499.796,1562.3119
700.0,575.0,992.2715,2809.3894,3247.6497,3045.025,10803.19,9132.402,7821.551,2800.5344,15502.603,1558.5621
700.0,575.0,986.4628,2809.181,3248.2615,3047.5261,10808.258,9130.846,7822.222,2796.7952,15502.301,1564.1034
700.0,575.0,990.0645,2809.534,3250.5273,3046.499,10804.047,9132.77,7820.224,2794.5142,15497.767,1555.3606
700.0,575.0,989.9004,2810.0496,3248.0762,3045.0002,10803.267,9130.266,7816.34,2797.4727,15506.534,1560.5929
700.0,575.0,990.46216,2815.0334,3246.8535,3045.7224,10808.386,9128.659,7820.3677,2795.7288,15509.179,1564.118
700.0,575.0,989.96045,2811.7024,3242.051,3050.471,10806.217,9131.229,7820.1313,2802.4336,15504.17,1561.1733
700.0,575.0,991.40894,2810.2866,3250.091,3049.6497,10805.8,9130.76,7819.7974,2797.1565,15502.438,1554.5876
700.0,575.0,988.11536,2812.691,3247.7483,3042.901,10805.2705,9132.181,7814.7437,2797.5312,15505.915,1563.9233
700.0,575.0,989.3571,2813.7146,3244.102,3046.1191,10809.576,9129.224,7820.1963,2798.1782,15499.167,1566.9474
700.0,575.0,992.1567,2813.2522,3248.0503,3046.1738,10806.753,9129.526,7820.6323,2798.6348,15506.82,1558.0071
700.0,575.0,991.1585,2813.24,3246.5117,3050.4946,10807.228,9130.449,7819.4062,2796.4158,15503.297,1557.9344
700.0,575.0,986.835,2813.073,3248.4072,3044.1052,10804.951,9135.689,7819.386,2801.919,15509.552,1558.383
700.0,575.0,986.8453,2816.159,3247.7773,3043.4182,10806.407,9130.325,7818.5923,2795.01,15501.107,1560.0441
700.0,575.0,986.86707,2814.0032,3245.2878,3045.5178,10807.961,9130.456,7817.729,2798.1104,15501.816,1558.7594
700.0,575.0,990.9454,2809.8516,3248.2139,3045.038,10810.1455,9127.0,7821.807,2797.0876,15503.297,1560.2864
700.0,575.0,992.70447,2812.6428,3247.947,3044.121,10805.087,9130.865,7817.8096,2796.9458,15498.36,1560.4918
700.0,575.0,986.3762,2811.8804,3249.2905,3050.2856,10803.319,9130.294,7822.1694,2798.4114,15500.486,1560.1052
700.0,575.0,988.60815,2814.6426,3247.0093,3048.8774,10807.97,9129.841,7826.5596,2798.35,15504.666,1561.2085
700.0,575.0,990.27954,2806.1533,3245.4226,3045.3486,10806.799,9126.402,7818.7954,2801.1387,15504.845,1562.9688
700.0,575.0,987.4479,2814.834,3248.7212,3049.5916,10808.123,9133.834,7819.183,2796.0278,15501.706,1559.4557
700.0,575.0,990.11707,2814.3093,3243.7568,3045.4495,10806.732,9138.295,7820.544,2798.517,15504.25,1561.3562
700.0,575.0,989.154,2817.7344,3252.0405,3043.922,10802.939,9132.868,7821.671,2801.599,15500.136,1561.3745
700.0,575.0,990.3883,2813.8337,3247.6184,3043.6643,10804.518,9134.844,7821.4336,2797.5227,15505.04,1558.2483
700.0,575.0,993.1753,2817.1118,3254.2495,3049.4573,10807.2295,9132.875,7822.7905,2792.6292,15505.398,1562.6997
700.0,575.0,989.78595,2815.6174,3251.634,3048.776,10804.801,9128.356,7826.3994,2801.1533,15501.33,1559.3663
700.0,575.0,988.6983,2816.172,3249.1897,3046.0837,10807.684,9128.946,7820.757,2792.416,15503.664,1560.1259
700.0,575.0,987.67694,2809.1052,3246.4421,3043.116,10804.524,9133.056,7819.452,2798.3442,15503.572,1562.085
